,deletion_auc_mean,insertion_auc_mean,avg_drop_mean,pointing_game_mean,iou50_mean,iou_value_mean,runtime_seconds_mean
deletion_auc_mean,1.0,-0.6119711042311662,0.5562435500515995,-0.5512388191635098,0.11759447606450323,-0.0196078431372549,-0.09814054823599738
insertion_auc_mean,-0.6119711042311662,1.0,-0.5211558307533539,0.6126031405420892,-0.6574600252697226,-0.5479876160990712,0.10640501545587085
avg_drop_mean,0.5562435500515995,-0.5211558307533539,1.0,-0.06968490732821728,0.2191533417565742,0.03199174406604747,-0.1704546364098902
pointing_game_mean,-0.5512388191635098,0.6126031405420892,-0.06968490732821728,1.0,-0.25642413226632016,-0.24233706578320338,0.47059901130352916
iou50_mean,0.11759447606450323,-0.6574600252697226,0.2191533417565742,-0.25642413226632016,1.0,0.863784878728351,0.1059444186975461
iou_value_mean,-0.0196078431372549,-0.5479876160990712,0.03199174406604747,-0.24233706578320338,0.863784878728351,1.0,0.05061986172172497
runtime_seconds_mean,-0.09814054823599738,0.10640501545587085,-0.1704546364098902,0.47059901130352916,0.1059444186975461,0.05061986172172497,1.0
