Metric,Dataset,N,Method A,Method B,Wilcoxon statistic,p raw,p Holm,Mean difference (A-B),Median difference (A-B),Rank-biserial effect,Significant
deletion_auc,Overall,60,3D-Kernel-SHAP,3D-LIME,317.0,1.0713963900365687e-05,0.0002464211697084108,0.03687091140043998,0.02346112443012764,0.653551912568306,True
deletion_auc,Overall,60,3D-Kernel-SHAP,3D-RISE,842.0,0.590993401935496,1.0,0.005202291727065869,0.0014016198514352997,0.07978142076502732,False
deletion_auc,Overall,60,3D-Kernel-SHAP,3D-Sampled-Occl-Sens,259.0,1.3707470779587177e-06,3.8380918182844096e-05,-0.13271721608888043,-0.08973423971172013,-0.7169398907103826,True
deletion_auc,Overall,60,3D-Kernel-SHAP,LV-LOCO,303.0,6.627891462282247e-06,0.00017232517801933842,-0.08272729734304116,-0.05620307566440226,-0.6688524590163935,True
deletion_auc,Overall,60,3D-Kernel-SHAP,LV-Univ-Pred,137.0,1.0202531190939745e-08,3.366835293010116e-07,-0.23050347930548667,-0.24246155332123065,-0.8502732240437159,True
deletion_auc,Overall,60,3D-Kernel-SHAP,SaliencyTubes,780.0,0.3203122578191264,1.0,-0.004786775085637353,0.017991751679613005,0.14754098360655737,False
deletion_auc,Overall,60,3D-Kernel-SHAP,AOSA,441.0,0.0004841064709567201,0.008713916477220963,-0.11694299085508415,-0.02964852432499386,-0.5180327868852459,True
deletion_auc,Overall,60,3D-Kernel-SHAP,GradCAM,640.0,0.04292481474489162,0.5150977769386994,-0.0777835602413829,-0.0132305753754878,-0.3005464480874317,False
deletion_auc,Overall,60,3D-LIME,3D-RISE,461.0,0.0008312680284772544,0.013300288455636071,-0.03166861967337411,-0.015925869396223043,-0.4961748633879781,True
deletion_auc,Overall,60,3D-LIME,3D-Sampled-Occl-Sens,115.0,3.878761477893344e-09,1.3575665172626703e-07,-0.16958812748932042,-0.12730905559908628,-0.8743169398907104,True
deletion_auc,Overall,60,3D-LIME,LV-LOCO,129.0,7.198793899418943e-09,2.4475899258024406e-07,-0.11959820874348112,-0.0780826315795653,-0.8590163934426229,True
deletion_auc,Overall,60,3D-LIME,LV-Univ-Pred,71.0,5.191863680927711e-10,1.869070925133976e-08,-0.26737439070592667,-0.25974594522451483,-0.9224043715846995,True
deletion_auc,Overall,60,3D-LIME,SaliencyTubes,797.0,0.38502811760848654,1.0,-0.04165768648607733,-0.000948629078682402,-0.12896174863387977,False
deletion_auc,Overall,60,3D-LIME,AOSA,200.0,1.413030197322853e-07,4.239090591968559e-06,-0.1538139022555241,-0.0802391795591419,-0.7814207650273224,True
deletion_auc,Overall,60,3D-LIME,GradCAM,431.0,0.0003666185303362848,0.006965752076389411,-0.11465447164182288,-0.0458243998793601,-0.5289617486338798,True
deletion_auc,Overall,60,3D-RISE,3D-Sampled-Occl-Sens,165.0,3.3668796201260914e-08,1.0437326822390884e-06,-0.1379195078159463,-0.1070109504266637,-0.819672131147541,True
deletion_auc,Overall,60,3D-RISE,LV-LOCO,291.0,4.355799878897778e-06,0.00011760659673024001,-0.08792958907010702,-0.0371854109692904,-0.6819672131147541,True
deletion_auc,Overall,60,3D-RISE,LV-Univ-Pred,142.0,1.2665372839698328e-08,4.052919308703465e-07,-0.23570577103255255,-0.21268354275420573,-0.8448087431693989,True
deletion_auc,Overall,60,3D-RISE,SaliencyTubes,849.0,0.6270623191759823,1.0,-0.009989066812703225,0.0082098254261009,0.07213114754098361,False
deletion_auc,Overall,60,3D-RISE,AOSA,309.0,8.15280721674356e-06,0.00019693145462755198,-0.12214528258215006,-0.03532792082009974,-0.6622950819672131,True
deletion_auc,Overall,60,3D-RISE,GradCAM,587.0,0.015752248092459172,0.20477922520196923,-0.08298585196844876,-0.008198622772290002,-0.3584699453551913,False
deletion_auc,Overall,60,3D-Sampled-Occl-Sens,LV-LOCO,724.0,0.15970447587177605,1.0,0.049989918745839294,0.0047155107539055,0.2087431693989071,False
deletion_auc,Overall,60,3D-Sampled-Occl-Sens,LV-Univ-Pred,444.0,0.0005256854322375171,0.00893665234803779,-0.0977862632166062,-0.08746633016195772,-0.5147540983606558,True
deletion_auc,Overall,60,3D-Sampled-Occl-Sens,SaliencyTubes,308.0,7.87725818510208e-06,0.00019693145462755198,0.12793044100324308,0.11268565991996775,0.6633879781420765,True
deletion_auc,Overall,60,3D-Sampled-Occl-Sens,AOSA,719.0,0.1490559154829988,1.0,0.015774225233796273,0.041827006107329014,0.21420765027322405,False
deletion_auc,Overall,60,3D-Sampled-Occl-Sens,GradCAM,668.0,0.06901585766408228,0.7468873236259704,0.05493365584749755,0.03231632573461518,0.26994535519125684,False
deletion_auc,Overall,60,LV-LOCO,LV-Univ-Pred,318.0,1.1083549734291031e-05,0.0002464211697084108,-0.14777618196244552,-0.08085475065112017,-0.6524590163934426,True
deletion_auc,Overall,60,LV-LOCO,SaliencyTubes,475.0,0.001199052879418083,0.017985793191271245,0.0779405222574038,0.04805459452104524,0.4808743169398907,True
deletion_auc,Overall,60,LV-LOCO,AOSA,908.0,0.9589022241229527,1.0,-0.03421569351204301,0.00723879060428962,-0.007650273224043716,False
deletion_auc,Overall,60,LV-LOCO,GradCAM,818.0,0.4751805002284377,1.0,0.00494373710165826,0.015480817178831291,0.10601092896174863,False
deletion_auc,Overall,60,LV-Univ-Pred,SaliencyTubes,248.0,9.098856014003719e-07,2.6386682440610784e-05,0.2257167042198493,0.23182027691605164,0.7289617486338797,True
deletion_auc,Overall,60,LV-Univ-Pred,AOSA,480.0,0.0013633620914137979,0.01908706927979317,0.11356048845040251,0.15062640844030833,0.47540983606557374,True
deletion_auc,Overall,60,LV-Univ-Pred,GradCAM,382.0,8.718685416292777e-05,0.001830923937421483,0.15271991906410376,0.10001659019954372,0.5825136612021858,True
deletion_auc,Overall,60,SaliencyTubes,AOSA,395.0,0.00012917114649942191,0.0025834229299884384,-0.11215621576944682,-0.061885273338277244,-0.5683060109289617,True
deletion_auc,Overall,60,SaliencyTubes,GradCAM,667.0,0.06789884760236095,0.7468873236259704,-0.07299678515574556,-0.009562108329242258,-0.2710382513661202,False
deletion_auc,Overall,60,AOSA,GradCAM,734.0,0.18271231418536016,1.0,0.03915943061370128,0.04072658425862202,0.19781420765027322,False
deletion_auc,EtriActivity3D,30,3D-Kernel-SHAP,3D-LIME,149.0,0.08793856762349606,0.9673242438584566,0.024795161447446444,0.007001770874696101,0.35913978494623655,False
deletion_auc,EtriActivity3D,30,3D-Kernel-SHAP,3D-RISE,195.0,0.4521643426269293,1.0,0.013818346579322965,0.0028581578776607497,0.16129032258064516,False
deletion_auc,EtriActivity3D,30,3D-Kernel-SHAP,3D-Sampled-Occl-Sens,48.0,4.4075772166252136e-05,0.0011459700763225555,-0.162539171167078,-0.14346598499391772,-0.7935483870967742,True
deletion_auc,EtriActivity3D,30,3D-Kernel-SHAP,LV-LOCO,87.0,0.0020201820880174637,0.03838345967233181,-0.0940218100368391,-0.05624970323930065,-0.6258064516129033,True
deletion_auc,EtriActivity3D,30,3D-Kernel-SHAP,LV-Univ-Pred,39.0,1.3966113328933716e-05,0.00040501728653907776,-0.2649062001683972,-0.2674484200406225,-0.832258064516129,True
deletion_auc,EtriActivity3D,30,3D-Kernel-SHAP,SaliencyTubes,76.0,0.0007978975772857666,0.0167558491230011,0.048828907349490844,0.049843615135721206,0.6731182795698925,True
deletion_auc,EtriActivity3D,30,3D-Kernel-SHAP,AOSA,85.0,0.001718590036034584,0.03437180072069168,-0.18889039740274668,-0.07080570733481792,-0.6344086021505376,True
deletion_auc,EtriActivity3D,30,3D-Kernel-SHAP,GradCAM,151.0,0.09610157273709774,0.9673242438584566,-0.10766599170733014,-0.02445947460187041,-0.35053763440860214,False
deletion_auc,EtriActivity3D,30,3D-LIME,3D-RISE,192.0,0.4161298982799053,1.0,-0.010976814868123476,-0.01040918127117705,-0.17419354838709677,False
deletion_auc,EtriActivity3D,30,3D-LIME,3D-Sampled-Occl-Sens,34.0,6.917864084243774e-06,0.00020753592252731323,-0.18733433261452442,-0.18697933209501932,-0.853763440860215,True
deletion_auc,EtriActivity3D,30,3D-LIME,LV-LOCO,64.0,0.0002562887966632843,0.006150931119918823,-0.11881697148428554,-0.037849419388022845,-0.7247311827956989,True
deletion_auc,EtriActivity3D,30,3D-LIME,LV-Univ-Pred,28.0,2.7623027563095093e-06,9.11559909582138e-05,-0.2897013616158437,-0.2653654373859059,-0.8795698924731182,True
deletion_auc,EtriActivity3D,30,3D-LIME,SaliencyTubes,126.0,0.027741437777876854,0.38838012889027596,0.024033745902044396,0.03091130434020339,0.45806451612903226,False
deletion_auc,EtriActivity3D,30,3D-LIME,AOSA,65.0,0.000283263623714447,0.0065150633454322815,-0.21368555885019322,-0.09004372776161704,-0.7204301075268817,True
deletion_auc,EtriActivity3D,30,3D-LIME,GradCAM,118.0,0.017453668639063835,0.2618050295859575,-0.13246115315477658,-0.04870412749306861,-0.4924731182795699,False
deletion_auc,EtriActivity3D,30,3D-RISE,3D-Sampled-Occl-Sens,39.0,1.3966113328933716e-05,0.00040501728653907776,-0.176357517746401,-0.14117713198306436,-0.832258064516129,True
deletion_auc,EtriActivity3D,30,3D-RISE,LV-LOCO,67.0,0.0003449581563472748,0.007589079439640045,-0.10784015661616203,-0.05618956331667101,-0.7118279569892473,True
deletion_auc,EtriActivity3D,30,3D-RISE,LV-Univ-Pred,29.0,3.2391399145126343e-06,0.00010041333734989166,-0.27872454674772024,-0.24610542417586054,-0.875268817204301,True
deletion_auc,EtriActivity3D,30,3D-RISE,SaliencyTubes,139.0,0.054921628907322884,0.6590595468878746,0.03501056077016788,0.015729057038094848,0.4021505376344086,False
deletion_auc,EtriActivity3D,30,3D-RISE,AOSA,43.0,2.366676926612854e-05,0.0006390027701854706,-0.20270874398206973,-0.0487654321467217,-0.8150537634408602,True
deletion_auc,EtriActivity3D,30,3D-RISE,GradCAM,127.0,0.029325857758522034,0.38838012889027596,-0.1214843382866531,-0.013010063522876902,-0.45376344086021503,False
deletion_auc,EtriActivity3D,30,3D-Sampled-Occl-Sens,LV-LOCO,167.0,0.18396909348666668,1.0,0.0685173611302389,-0.0008884780765485989,0.2817204301075269,False
deletion_auc,EtriActivity3D,30,3D-Sampled-Occl-Sens,LV-Univ-Pred,112.0,0.012047622352838516,0.19276195764541626,-0.10236702900131925,-0.0970335207073252,-0.5182795698924731,False
deletion_auc,EtriActivity3D,30,3D-Sampled-Occl-Sens,SaliencyTubes,2.0,5.587935447692871e-09,2.0116567611694336e-07,0.21136807851656883,0.21745284656175673,0.9913978494623656,True
deletion_auc,EtriActivity3D,30,3D-Sampled-Occl-Sens,AOSA,218.0,0.7765688337385654,1.0,-0.026351226235668754,0.057235520762813796,0.06236559139784946,False
deletion_auc,EtriActivity3D,30,3D-Sampled-Occl-Sens,GradCAM,172.0,0.22064675763249397,1.0,0.05487317945974784,0.041125313139474956,0.26021505376344084,False
deletion_auc,EtriActivity3D,30,LV-LOCO,LV-Univ-Pred,99.0,0.0050126127898693085,0.08521441742777824,-0.17088439013155815,-0.08465974359303334,-0.5741935483870968,False
deletion_auc,EtriActivity3D,30,LV-LOCO,SaliencyTubes,28.0,2.7623027563095093e-06,9.11559909582138e-05,0.1428507173863299,0.11045037921385001,0.8795698924731182,True
deletion_auc,EtriActivity3D,30,LV-LOCO,AOSA,180.0,0.28936620615422726,1.0,-0.09486858736590766,-0.012933989040243177,-0.22580645161290322,False
deletion_auc,EtriActivity3D,30,LV-LOCO,GradCAM,230.0,0.9676735773682594,1.0,-0.013644181670491048,0.016287221916109207,0.010752688172043012,False
deletion_auc,EtriActivity3D,30,LV-Univ-Pred,SaliencyTubes,19.0,5.718320608139038e-07,1.944229006767273e-05,0.3137351075178881,0.2421807382376449,0.9182795698924732,True
deletion_auc,EtriActivity3D,30,LV-Univ-Pred,AOSA,165.0,0.17059839516878128,1.0,0.07601580276565052,0.13730729601143785,0.2903225806451613,False
deletion_auc,EtriActivity3D,30,LV-Univ-Pred,GradCAM,97.0,0.004338232800364494,0.0780881904065609,0.15724020846106707,0.14473120029561792,0.5827956989247312,False
deletion_auc,EtriActivity3D,30,SaliencyTubes,AOSA,15.0,2.551823854446411e-07,8.931383490562439e-06,-0.23771930475223757,-0.11618485174487195,-0.9354838709677419,True
deletion_auc,EtriActivity3D,30,SaliencyTubes,GradCAM,58.0,0.00013739429414272308,0.003434857353568077,-0.15649489905682096,-0.0355959950277137,-0.7505376344086021,True
deletion_auc,EtriActivity3D,30,AOSA,GradCAM,163.0,0.15794767439365387,1.0,0.0812244056954166,0.04884394186714985,0.2989247311827957,False
deletion_auc,Kinetics400,30,3D-Kernel-SHAP,3D-LIME,26.0,1.991167664527893e-06,6.371736526489258e-05,0.04894666135343353,0.03745641929277029,0.8881720430107527,True
deletion_auc,Kinetics400,30,3D-Kernel-SHAP,3D-RISE,228.0,0.935398668050766,1.0,-0.0034137631251912235,-0.002515526530424102,-0.01935483870967742,False
deletion_auc,Kinetics400,30,3D-Kernel-SHAP,3D-Sampled-Occl-Sens,84.0,0.0015832837671041489,0.036415526643395424,-0.10289526101068294,-0.04294329732894864,-0.6387096774193548,True
deletion_auc,Kinetics400,30,3D-Kernel-SHAP,LV-LOCO,65.0,0.000283263623714447,0.0073648542165756226,-0.0714327846492432,-0.0554121234889354,-0.7204301075268817,True
deletion_auc,Kinetics400,30,3D-Kernel-SHAP,LV-Univ-Pred,24.0,1.4193356037139893e-06,4.6838074922561646e-05,-0.19610075844257613,-0.17735545249970336,-0.896774193548387,True
deletion_auc,Kinetics400,30,3D-Kernel-SHAP,SaliencyTubes,170.0,0.20540969260036945,1.0,-0.05840245752076554,-0.013108314528756559,-0.26881720430107525,False
deletion_auc,Kinetics400,30,3D-Kernel-SHAP,AOSA,144.0,0.06989291124045849,1.0,-0.04499558430742159,-0.021283797535335658,-0.38064516129032255,False
deletion_auc,Kinetics400,30,3D-Kernel-SHAP,GradCAM,179.0,0.28008678182959557,1.0,-0.04790112877543565,-0.008590582894658312,-0.23010752688172043,False
deletion_auc,Kinetics400,30,3D-LIME,3D-RISE,31.0,4.421919584274292e-06,0.00013707950711250305,-0.052360424478624754,-0.022371068845557285,-0.8666666666666667,True
deletion_auc,Kinetics400,30,3D-LIME,3D-Sampled-Occl-Sens,20.0,6.910413503646851e-07,2.3495405912399292e-05,-0.1518419223641164,-0.10581123561274788,-0.9139784946236559,True
deletion_auc,Kinetics400,30,3D-LIME,LV-LOCO,7.0,3.5390257835388184e-08,1.2386590242385864e-06,-0.12037944600267675,-0.08770539366928884,-0.9698924731182795,True
deletion_auc,Kinetics400,30,3D-LIME,LV-Univ-Pred,6.0,2.60770320892334e-08,9.387731552124023e-07,-0.24504741979600964,-0.25888450990584355,-0.9741935483870968,True
deletion_auc,Kinetics400,30,3D-LIME,SaliencyTubes,90.0,0.002560090273618698,0.05632198601961136,-0.10734911887419904,-0.050092336274322385,-0.6129032258064516,False
deletion_auc,Kinetics400,30,3D-LIME,AOSA,31.0,4.421919584274292e-06,0.00013707950711250305,-0.09394224566085509,-0.06352354374536609,-0.8666666666666667,True
deletion_auc,Kinetics400,30,3D-LIME,GradCAM,96.0,0.004031794145703316,0.08063588291406631,-0.09684779012886917,-0.0405123175721214,-0.5870967741935483,False
deletion_auc,Kinetics400,30,3D-RISE,3D-Sampled-Occl-Sens,44.0,2.6885420083999634e-05,0.0007796771824359894,-0.09948149788549168,-0.06741938937324715,-0.810752688172043,True
deletion_auc,Kinetics400,30,3D-RISE,LV-LOCO,83.0,0.0014574769884347916,0.034979447722435,-0.06801902152405198,-0.03283418614287785,-0.6430107526881721,True
deletion_auc,Kinetics400,30,3D-RISE,LV-Univ-Pred,45.0,3.049522638320923e-05,0.0008538663387298584,-0.19268699531738484,-0.19781008447085413,-0.8064516129032258,True
deletion_auc,Kinetics400,30,3D-RISE,SaliencyTubes,178.0,0.2710056286305189,1.0,-0.05498869439557431,0.004382702438492798,-0.23440860215053763,False
deletion_auc,Kinetics400,30,3D-RISE,AOSA,124.0,0.024786051362752914,0.42136287316679955,-0.04158182118223037,-0.014010002364215898,-0.4666666666666667,False
deletion_auc,Kinetics400,30,3D-RISE,GradCAM,170.0,0.20540969260036945,1.0,-0.04448736565024442,-0.0035555811889147054,-0.26881720430107525,False
deletion_auc,Kinetics400,30,3D-Sampled-Occl-Sens,LV-LOCO,196.0,0.46454504504799843,1.0,0.0314624763614397,0.00559167842482694,0.15698924731182795,False
deletion_auc,Kinetics400,30,3D-Sampled-Occl-Sens,LV-Univ-Pred,111.0,0.011303061619400978,0.21475817076861858,-0.0932054974318932,-0.07452912531667416,-0.5225806451612903,False
deletion_auc,Kinetics400,30,3D-Sampled-Occl-Sens,SaliencyTubes,170.0,0.20540969260036945,1.0,0.044492803489917375,0.053775985199466546,0.26881720430107525,False
deletion_auc,Kinetics400,30,3D-Sampled-Occl-Sens,AOSA,148.0,0.08406547829508781,1.0,0.05789967670326132,0.027086847954515096,0.3634408602150538,False
deletion_auc,Kinetics400,30,3D-Sampled-Occl-Sens,GradCAM,165.0,0.17059839516878128,1.0,0.05499413223524725,0.023147350810200105,0.2903225806451613,False
deletion_auc,Kinetics400,30,LV-LOCO,LV-Univ-Pred,64.0,0.0002562887966632843,0.006919797509908676,-0.1246679737933329,-0.07708517127415208,-0.7247311827956989,True
deletion_auc,Kinetics400,30,LV-LOCO,SaliencyTubes,210.0,0.6554384250193834,1.0,0.013030327128477681,0.009624100879934802,0.0967741935483871,False
deletion_auc,Kinetics400,30,LV-LOCO,AOSA,172.0,0.22064675763249397,1.0,0.02643720034182162,0.0181944270244941,0.26021505376344084,False
deletion_auc,Kinetics400,30,LV-LOCO,GradCAM,187.0,0.3598779272288084,1.0,0.023531655873807567,0.015480817178831291,0.1956989247311828,False
deletion_auc,Kinetics400,30,LV-Univ-Pred,SaliencyTubes,117.0,0.016431212425231934,0.2957618236541748,0.13769830092181057,0.12370783885862731,0.4967741935483871,False
deletion_auc,Kinetics400,30,LV-Univ-Pred,AOSA,66.0,0.00031275488436222076,0.007818872109055519,0.15110517413515454,0.16181105163738158,0.7161290322580646,True
deletion_auc,Kinetics400,30,LV-Univ-Pred,GradCAM,95.0,0.0037444327026605606,0.07863308675587177,0.14819962966714045,0.07973619913577516,0.5913978494623656,False
deletion_auc,Kinetics400,30,SaliencyTubes,AOSA,206.0,0.5978077705949545,1.0,0.01340687321334395,-0.031021828714096353,-0.11397849462365592,False
deletion_auc,Kinetics400,30,SaliencyTubes,GradCAM,147.0,0.0803273618221283,1.0,0.010501328745329885,0.010152399517236045,0.36774193548387096,False
deletion_auc,Kinetics400,30,AOSA,GradCAM,211.0,0.6701805889606476,1.0,-0.0029055444680140615,0.027455056847063397,0.09247311827956989,False
insertion_auc,Overall,60,3D-Kernel-SHAP,3D-LIME,249.0,9.446688765511482e-07,2.73953974199833e-05,-0.05498962560237224,-0.025788888240088625,-0.7278688524590164,True
insertion_auc,Overall,60,3D-Kernel-SHAP,3D-RISE,902.0,0.9237581745177248,1.0,-0.009932779202743118,0.012313407360848572,-0.014207650273224045,False
insertion_auc,Overall,60,3D-Kernel-SHAP,3D-Sampled-Occl-Sens,311.0,8.73179503066317e-06,0.0002357584658279056,0.12397792407462807,0.08822211016611753,0.6601092896174864,True
insertion_auc,Overall,60,3D-Kernel-SHAP,LV-LOCO,461.0,0.0008312680284772544,0.015794092541067836,0.06836137651429922,0.03426614588367316,0.4961748633879781,True
insertion_auc,Overall,60,3D-Kernel-SHAP,LV-Univ-Pred,146.0,1.5042966927055902e-08,5.114608755199007e-07,0.2252833112820847,0.2242516231185438,0.8404371584699454,True
insertion_auc,Overall,60,3D-Kernel-SHAP,SaliencyTubes,667.0,0.06789884760236095,0.6110896284212486,0.04403379169852352,0.06331841717459832,0.2710382513661202,False
insertion_auc,Overall,60,3D-Kernel-SHAP,AOSA,568.0,0.0106347687157284,0.13535589475509813,0.08528561615804689,0.02075782707969981,0.37923497267759565,False
insertion_auc,Overall,60,3D-Kernel-SHAP,GradCAM,541.0,0.005900870631494957,0.08272002340350358,0.09608980701653641,0.07226768086436941,0.4087431693989071,False
insertion_auc,Overall,60,3D-LIME,3D-RISE,500.0,0.00225011565908984,0.04050208186361712,0.045056846399629126,0.030940016773292056,0.453551912568306,True
insertion_auc,Overall,60,3D-LIME,3D-Sampled-Occl-Sens,89.0,1.1967087534917334e-09,4.188480637221067e-08,0.1789675496770003,0.13719033956638882,0.9027322404371585,True
insertion_auc,Overall,60,3D-LIME,LV-LOCO,165.0,3.3668796201260914e-08,1.11107027464161e-06,0.12335100211667145,0.06336584338139784,0.819672131147541,True
insertion_auc,Overall,60,3D-LIME,LV-Univ-Pred,33.0,8.418065988886178e-11,3.0305037559990238e-09,0.2802729368844569,0.2487155038105355,0.9639344262295082,True
insertion_auc,Overall,60,3D-LIME,SaliencyTubes,319.0,1.1465288381351557e-05,0.0002866322095337889,0.09902341730089574,0.07891154806785952,0.6513661202185792,True
insertion_auc,Overall,60,3D-LIME,AOSA,211.0,2.1885093424322652e-07,6.7843789615400225e-06,0.14027524176041914,0.08101075314053285,0.7693989071038252,True
insertion_auc,Overall,60,3D-LIME,GradCAM,251.0,1.0181154208756968e-06,2.8507231784519512e-05,0.1510794326189086,0.08980260088781322,0.7256830601092896,True
insertion_auc,Overall,60,3D-RISE,3D-Sampled-Occl-Sens,240.0,6.727061036745202e-07,2.0181183110235608e-05,0.13391070327737123,0.10587569285065955,0.7377049180327869,True
insertion_auc,Overall,60,3D-RISE,LV-LOCO,567.0,0.010411991904238317,0.13535589475509813,0.07829415571704232,0.026865761298816793,0.380327868852459,False
insertion_auc,Overall,60,3D-RISE,LV-Univ-Pred,189.0,9.065507517982253e-08,2.900962405754321e-06,0.23521609048482783,0.22861264023044106,0.7934426229508197,True
insertion_auc,Overall,60,3D-RISE,SaliencyTubes,450.0,0.0006190095773213842,0.012999201123749068,0.05396657090126665,0.049904601999539444,0.5081967213114754,True
insertion_auc,Overall,60,3D-RISE,AOSA,513.0,0.0030827433042271415,0.049956396770762586,0.09521839536078999,0.04094017473718693,0.43934426229508194,True
insertion_auc,Overall,60,3D-RISE,GradCAM,367.0,5.479833412881591e-05,0.0013151600190915817,0.10602258621927954,0.06776915169841408,0.5989071038251366,True
insertion_auc,Overall,60,3D-Sampled-Occl-Sens,LV-LOCO,711.0,0.13315729045791624,1.0,-0.05561654756032886,-0.030689595748950943,-0.22295081967213115,False
insertion_auc,Overall,60,3D-Sampled-Occl-Sens,LV-Univ-Pred,511.0,0.0029386115747507403,0.049956396770762586,0.10130538720745662,0.11755426917596845,0.44153005464480877,True
insertion_auc,Overall,60,3D-Sampled-Occl-Sens,SaliencyTubes,538.0,0.0055146682269002385,0.08272002340350358,-0.07994413237610455,-0.08545975289406232,-0.41202185792349727,False
insertion_auc,Overall,60,3D-Sampled-Occl-Sens,AOSA,631.0,0.03655539084970371,0.3655539084970371,-0.03869230791658121,-0.0681381953846329,-0.3103825136612022,False
insertion_auc,Overall,60,3D-Sampled-Occl-Sens,GradCAM,753.0,0.2330340253971983,1.0,-0.02788811705809168,-0.02585228840170331,-0.17704918032786884,False
insertion_auc,Overall,60,LV-LOCO,LV-Univ-Pred,369.0,5.8337814160222266e-05,0.001341769725685112,0.1569219347677855,0.10680174822998299,0.5967213114754099,True
insertion_auc,Overall,60,LV-LOCO,SaliencyTubes,793.0,0.369123941061795,1.0,-0.02432758481577569,-0.018031689994500943,-0.13333333333333333,False
insertion_auc,Overall,60,LV-LOCO,AOSA,896.0,0.8887623436669472,1.0,0.016924239643747663,-0.005715536538861976,-0.020765027322404372,False
insertion_auc,Overall,60,LV-LOCO,GradCAM,843.0,0.596087375770981,1.0,0.02772843050223719,-0.004680078880793664,0.07868852459016394,False
insertion_auc,Overall,60,LV-Univ-Pred,SaliencyTubes,316.0,1.0356163380362948e-05,0.00026926024788943663,-0.1812495195835612,-0.1870820526385866,-0.6546448087431694,True
insertion_auc,Overall,60,LV-Univ-Pred,AOSA,418.0,0.0002534813647157241,0.00557659002374593,-0.13999769512403784,-0.17183297959298305,-0.5431693989071038,True
insertion_auc,Overall,60,LV-Univ-Pred,GradCAM,451.0,0.0006359872094978445,0.012999201123749068,-0.12919350426554832,-0.13392136665631943,-0.507103825136612,True
insertion_auc,Overall,60,SaliencyTubes,AOSA,844.0,0.6012012645734974,1.0,0.04125182445952335,-0.02085417548763513,0.07759562841530054,False
insertion_auc,Overall,60,SaliencyTubes,GradCAM,623.0,0.03158781239902878,0.3474659363893166,0.052056015318012884,0.01604765648291212,0.3191256830601093,False
insertion_auc,Overall,60,AOSA,GradCAM,841.0,0.5859195404873724,1.0,0.010804190858489523,0.027877030017381677,0.08087431693989071,False
insertion_auc,EtriActivity3D,30,3D-Kernel-SHAP,3D-LIME,185.0,0.338741784915328,1.0,-0.019209507396216997,-0.00015975651860222762,-0.20430107526881722,False
insertion_auc,EtriActivity3D,30,3D-Kernel-SHAP,3D-RISE,34.0,6.917864084243774e-06,0.00017294660210609436,0.0812470502616181,0.038998311902921134,0.853763440860215,True
insertion_auc,EtriActivity3D,30,3D-Kernel-SHAP,3D-Sampled-Occl-Sens,4.0,1.30385160446167e-08,4.041939973831177e-07,0.22836114914210642,0.1603365492250567,0.9827956989247312,True
insertion_auc,EtriActivity3D,30,3D-Kernel-SHAP,LV-LOCO,125.0,0.026228994131088257,0.39343491196632385,0.08483449030724494,0.019689656916975717,0.46236559139784944,False
insertion_auc,EtriActivity3D,30,3D-Kernel-SHAP,LV-Univ-Pred,24.0,1.4193356037139893e-06,3.832206130027771e-05,0.2981557359320956,0.28306518697711347,0.896774193548387,True
insertion_auc,EtriActivity3D,30,3D-Kernel-SHAP,SaliencyTubes,0.0,1.862645149230957e-09,6.705522537231445e-08,0.15696995498085223,0.1309215931888041,1.0,True
insertion_auc,EtriActivity3D,30,3D-Kernel-SHAP,AOSA,30.0,3.7904828786849976e-06,9.855255484580994e-05,0.20300622971838264,0.07384029933931274,0.8709677419354839,True
insertion_auc,EtriActivity3D,30,3D-Kernel-SHAP,GradCAM,2.0,5.587935447692871e-09,1.7881393432617188e-07,0.25668827666706107,0.2554942358225137,0.9913978494623656,True
insertion_auc,EtriActivity3D,30,3D-LIME,3D-RISE,5.0,1.862645149230957e-08,5.587935447692871e-07,0.1004565576578351,0.0462265818244042,0.978494623655914,True
insertion_auc,EtriActivity3D,30,3D-LIME,3D-Sampled-Occl-Sens,0.0,1.862645149230957e-09,6.705522537231445e-08,0.24757065653832347,0.24682857908483874,1.0,True
insertion_auc,EtriActivity3D,30,3D-LIME,LV-LOCO,84.0,0.0015832837671041489,0.02849910780787468,0.10404399770346193,0.02427730437450132,0.6387096774193548,True
insertion_auc,EtriActivity3D,30,3D-LIME,LV-Univ-Pred,14.0,2.0489096641540527e-07,5.941838026046753e-06,0.31736524332831256,0.2735919021507015,0.9397849462365592,True
insertion_auc,EtriActivity3D,30,3D-LIME,SaliencyTubes,1.0,3.725290298461914e-09,1.2665987014770508e-07,0.17617946237706925,0.1308928156087738,0.9956989247311828,True
insertion_auc,EtriActivity3D,30,3D-LIME,AOSA,20.0,6.910413503646851e-07,1.934915781021118e-05,0.22221573711459955,0.10811893782299903,0.9139784946236559,True
insertion_auc,EtriActivity3D,30,3D-LIME,GradCAM,1.0,3.725290298461914e-09,1.2665987014770508e-07,0.275897784063278,0.24791105626043103,0.9956989247311828,True
insertion_auc,EtriActivity3D,30,3D-RISE,3D-Sampled-Occl-Sens,69.0,0.0004183966666460037,0.009204726666212082,0.14711409888048835,0.09494514019528379,0.7032258064516129,True
insertion_auc,EtriActivity3D,30,3D-RISE,LV-LOCO,214.0,0.7151329666376114,1.0,0.003587440045626824,-0.015253560306973946,-0.07956989247311828,False
insertion_auc,EtriActivity3D,30,3D-RISE,LV-Univ-Pred,73.0,0.0006084088236093521,0.012168176472187042,0.21690868567047747,0.2121855461946266,0.6860215053763441,True
insertion_auc,EtriActivity3D,30,3D-RISE,SaliencyTubes,67.0,0.0003449581563472748,0.00793403759598732,0.07572290471923411,0.08423144513834813,0.7118279569892473,True
insertion_auc,EtriActivity3D,30,3D-RISE,AOSA,170.0,0.20540969260036945,1.0,0.12175917945676448,0.0038691912741684042,0.26881720430107525,False
insertion_auc,EtriActivity3D,30,3D-RISE,GradCAM,47.0,3.904104232788086e-05,0.0009369850158691406,0.17544122640544293,0.14777101884283045,0.7978494623655914,True
insertion_auc,EtriActivity3D,30,3D-Sampled-Occl-Sens,LV-LOCO,89.0,0.0023674946278333664,0.04024740867316723,-0.14352665883486151,-0.08525709472956594,-0.6172043010752688,True
insertion_auc,EtriActivity3D,30,3D-Sampled-Occl-Sens,LV-Univ-Pred,174.0,0.23665234446525574,1.0,0.06979458678998914,0.10279085888122014,0.25161290322580643,False
insertion_auc,EtriActivity3D,30,3D-Sampled-Occl-Sens,SaliencyTubes,171.0,0.21293285302817822,1.0,-0.07139119416125424,-0.0004594196929066374,-0.2645161290322581,False
insertion_auc,EtriActivity3D,30,3D-Sampled-Occl-Sens,AOSA,179.0,0.28008678182959557,1.0,-0.025354919423723855,-0.07998958303308701,-0.23010752688172043,False
insertion_auc,EtriActivity3D,30,3D-Sampled-Occl-Sens,GradCAM,195.0,0.4521643426269293,1.0,0.02832712752495459,0.036280590468907636,0.16129032258064516,False
insertion_auc,EtriActivity3D,30,LV-LOCO,LV-Univ-Pred,71.0,0.0005054883658885956,0.010615255683660507,0.2133212456248507,0.1949545041120423,0.6946236559139785,True
insertion_auc,EtriActivity3D,30,LV-LOCO,SaliencyTubes,151.0,0.09610157273709774,1.0,0.07213546467360728,0.09856388309691994,0.35053763440860214,False
insertion_auc,EtriActivity3D,30,LV-LOCO,AOSA,130.0,0.034536734223365784,0.4489775449037552,0.11817173941113768,0.07386470945201079,0.44086021505376344,False
insertion_auc,EtriActivity3D,30,LV-LOCO,GradCAM,77.0,0.0008718203753232956,0.016564587131142616,0.17185378635981607,0.1818676600884992,0.6688172043010753,True
insertion_auc,EtriActivity3D,30,LV-Univ-Pred,SaliencyTubes,126.0,0.027741437777876854,0.39343491196632385,-0.14118578095124337,-0.11241792064245731,-0.45806451612903226,False
insertion_auc,EtriActivity3D,30,LV-Univ-Pred,AOSA,159.0,0.13473508320748806,1.0,-0.095149506213713,-0.19012240636393904,-0.3161290322580645,False
insertion_auc,EtriActivity3D,30,LV-Univ-Pred,GradCAM,200.0,0.5158484429121017,1.0,-0.04146745926503456,0.02623764127895528,-0.13978494623655913,False
insertion_auc,EtriActivity3D,30,SaliencyTubes,AOSA,229.0,0.9515264742076397,1.0,0.04603627473753038,-0.06143771563306394,0.015053763440860216,False
insertion_auc,EtriActivity3D,30,SaliencyTubes,GradCAM,111.0,0.011303061619400978,0.18084898591041565,0.09971832168620882,0.027257285536686937,0.5225806451612903,False
insertion_auc,EtriActivity3D,30,AOSA,GradCAM,173.0,0.22855282202363014,1.0,0.05368204694867843,0.11051495255818278,0.25591397849462366,False
insertion_auc,Kinetics400,30,3D-Kernel-SHAP,3D-LIME,0.0,1.862645149230957e-09,6.705522537231445e-08,-0.09076974380852748,-0.09530040226914996,-1.0,True
insertion_auc,Kinetics400,30,3D-Kernel-SHAP,3D-RISE,67.0,0.0003449581563472748,0.008278995752334595,-0.10111260866710435,-0.07831158331385174,-0.7118279569892473,True
insertion_auc,Kinetics400,30,3D-Kernel-SHAP,3D-Sampled-Occl-Sens,189.0,0.3817984350025654,1.0,0.019594699007149684,0.03768878626186062,0.1870967741935484,False
insertion_auc,Kinetics400,30,3D-Kernel-SHAP,LV-LOCO,100.0,0.005382779985666275,0.0861244797706604,0.05188826272135348,0.06070873396059906,0.5698924731182796,False
insertion_auc,Kinetics400,30,3D-Kernel-SHAP,LV-Univ-Pred,54.0,8.856505155563354e-05,0.0023912563920021057,0.15241088663207378,0.14659445820471712,0.7677419354838709,True
insertion_auc,Kinetics400,30,3D-Kernel-SHAP,SaliencyTubes,126.0,0.027741437777876854,0.38838012889027596,-0.0689023715838052,-0.1019386694288204,-0.45806451612903226,False
insertion_auc,Kinetics400,30,3D-Kernel-SHAP,AOSA,188.0,0.370740607380867,1.0,-0.03243499740228887,-0.013347022413869258,-0.1913978494623656,False
insertion_auc,Kinetics400,30,3D-Kernel-SHAP,GradCAM,119.0,0.018529480323195457,0.27794220484793186,-0.06450866263398823,-0.08004132705465272,-0.4881720430107527,False
insertion_auc,Kinetics400,30,3D-LIME,3D-RISE,206.0,0.5978077705949545,1.0,-0.010342864858576866,-0.008947604552745736,-0.11397849462365592,False
insertion_auc,Kinetics400,30,3D-LIME,3D-Sampled-Occl-Sens,49.0,4.968419671058655e-05,0.0013911575078964233,0.11036444281567717,0.1114354378669839,0.789247311827957,True
insertion_auc,Kinetics400,30,3D-LIME,LV-LOCO,12.0,1.30385160446167e-07,4.433095455169678e-06,0.14265800652988098,0.16254992470067736,0.9483870967741935,True
insertion_auc,Kinetics400,30,3D-LIME,LV-Univ-Pred,3.0,9.313225746154785e-09,3.259629011154175e-07,0.2431806304406013,0.23904001739748001,0.9870967741935484,True
insertion_auc,Kinetics400,30,3D-LIME,SaliencyTubes,203.0,0.5561132747679949,1.0,0.021867372224722285,0.022424011426522616,0.12688172043010754,False
insertion_auc,Kinetics400,30,3D-LIME,AOSA,92.0,0.0029870010912418365,0.05974002182483673,0.05833474640623861,0.06385052260506141,0.6043010752688172,False
insertion_auc,Kinetics400,30,3D-LIME,GradCAM,199.0,0.5027610473334789,1.0,0.026261081174539236,0.00739207102071196,0.14408602150537633,False
insertion_auc,Kinetics400,30,3D-RISE,3D-Sampled-Occl-Sens,56.0,0.00011058151721954346,0.00287511944770813,0.12070730767425404,0.10962974904834735,0.7591397849462366,True
insertion_auc,Kinetics400,30,3D-RISE,LV-LOCO,46.0,3.453157842159271e-05,0.0010014157742261887,0.15300087138845783,0.15220225439071486,0.8021505376344086,True
insertion_auc,Kinetics400,30,3D-RISE,LV-Univ-Pred,20.0,6.910413503646851e-07,2.2804364562034607e-05,0.25352349529917817,0.2795068051186932,0.9139784946236559,True
insertion_auc,Kinetics400,30,3D-RISE,SaliencyTubes,167.0,0.18396909348666668,1.0,0.032210237083299155,0.03724770117007781,0.2817204301075269,False
insertion_auc,Kinetics400,30,3D-RISE,AOSA,90.0,0.002560090273618698,0.05376189574599266,0.06867761126481549,0.0463061818642721,0.6129032258064516,False
insertion_auc,Kinetics400,30,3D-RISE,GradCAM,160.0,0.140283040702343,1.0,0.03660394603311611,0.026340723572544966,0.3118279569892473,False
insertion_auc,Kinetics400,30,3D-Sampled-Occl-Sens,LV-LOCO,162.0,0.15188691951334476,1.0,0.0322935637142038,0.027795687315670725,0.3032258064516129,False
insertion_auc,Kinetics400,30,3D-Sampled-Occl-Sens,LV-Univ-Pred,73.0,0.0006084088236093521,0.013384994119405746,0.1328161876249241,0.13126594637893738,0.6860215053763441,True
insertion_auc,Kinetics400,30,3D-Sampled-Occl-Sens,SaliencyTubes,99.0,0.0050126127898693085,0.08521441742777824,-0.08849707059095488,-0.10257332339179451,-0.5741935483870968,False
insertion_auc,Kinetics400,30,3D-Sampled-Occl-Sens,AOSA,145.0,0.07324407435953617,0.878928892314434,-0.05202969640943856,-0.046735379287363904,-0.3763440860215054,False
insertion_auc,Kinetics400,30,3D-Sampled-Occl-Sens,GradCAM,97.0,0.004338232800364494,0.0780881904065609,-0.08410336164113794,-0.08805755302497686,-0.5827956989247312,False
insertion_auc,Kinetics400,30,LV-LOCO,LV-Univ-Pred,127.0,0.029325857758522034,0.38838012889027596,0.10052262391072032,0.048652392001011416,0.45376344086021503,False
insertion_auc,Kinetics400,30,LV-LOCO,SaliencyTubes,66.0,0.00031275488436222076,0.007818872109055519,-0.12079063430515867,-0.10922554415942104,-0.7161290322580646,True
insertion_auc,Kinetics400,30,LV-LOCO,AOSA,94.0,0.003475155681371689,0.06602795794606209,-0.08432326012364234,-0.0843018581473672,-0.5956989247311828,False
insertion_auc,Kinetics400,30,LV-LOCO,GradCAM,70.0,0.00046010687947273254,0.010582458227872849,-0.11639692535534171,-0.12484324161558273,-0.6989247311827957,True
insertion_auc,Kinetics400,30,LV-Univ-Pred,SaliencyTubes,30.0,3.7904828786849976e-06,0.00011750496923923492,-0.22131325821587894,-0.265293456192226,-0.8709677419354839,True
insertion_auc,Kinetics400,30,LV-Univ-Pred,AOSA,43.0,2.366676926612854e-05,0.0007100030779838562,-0.18484588403436267,-0.16895565664899925,-0.8150537634408602,True
insertion_auc,Kinetics400,30,LV-Univ-Pred,GradCAM,20.0,6.910413503646851e-07,2.2804364562034607e-05,-0.21691954926606208,-0.16990717094527474,-0.9139784946236559,True
insertion_auc,Kinetics400,30,SaliencyTubes,AOSA,178.0,0.2710056286305189,1.0,0.03646737418151633,0.041699856149984615,0.23440860215053763,False
insertion_auc,Kinetics400,30,SaliencyTubes,GradCAM,203.0,0.5561132747679949,1.0,0.004393708949816955,0.0083018654726853,0.12688172043010754,False
insertion_auc,Kinetics400,30,AOSA,GradCAM,179.0,0.28008678182959557,1.0,-0.032073665231699376,-0.035343799648888924,-0.23010752688172043,False
avg_drop,Overall,60,3D-Kernel-SHAP,3D-LIME,515.0,0.07590130406490567,1.0,5.19363195929715,0.0036928386785553343,0.2802236198462614,False
avg_drop,Overall,60,3D-Kernel-SHAP,3D-RISE,15.0,1.247576510624166e-09,3.8674871829349145e-08,23.665151245190057,16.960172741612737,0.9773755656108597,True
avg_drop,Overall,60,3D-Kernel-SHAP,3D-Sampled-Occl-Sens,692.0,0.835197759590778,1.0,-4.677118560040981,0.0036511154247257,-0.03284416491963662,False
avg_drop,Overall,60,3D-Kernel-SHAP,LV-LOCO,52.0,1.1635688520273068e-09,3.7234203264873816e-08,-39.13102592909775,-39.65242307467134,-0.9348370927318296,True
avg_drop,Overall,60,3D-Kernel-SHAP,LV-Univ-Pred,33.0,6.616764397738093e-10,2.183532251253571e-08,-47.306659560521055,-50.49299914240085,-0.9571428571428572,True
avg_drop,Overall,60,3D-Kernel-SHAP,SaliencyTubes,587.0,0.25529579578327,1.0,3.439703284870598,0.0,0.1795946890286513,False
avg_drop,Overall,60,3D-Kernel-SHAP,AOSA,632.0,0.7713744910172167,1.0,-0.5575353195256528,0.0,0.04675716440422323,False
avg_drop,Overall,60,3D-Kernel-SHAP,GradCAM,714.0,0.989405085059867,1.0,-2.994920234121342,0.0036511154247257,0.0020964360587002098,False
avg_drop,Overall,60,3D-LIME,3D-RISE,46.0,6.568280511553152e-08,1.5107045176572251e-06,18.47151928589291,2.453308160422984,0.9148936170212766,True
avg_drop,Overall,60,3D-LIME,3D-Sampled-Occl-Sens,498.0,0.3559607947414203,1.0,-9.870750519338133,0.0,-0.15306122448979592,False
avg_drop,Overall,60,3D-LIME,LV-LOCO,23.0,2.5863355700608047e-10,9.052174495212816e-09,-44.3246578883949,-44.99109009306212,-0.9711779448621554,True
avg_drop,Overall,60,3D-LIME,LV-Univ-Pred,62.0,2.9924449827806432e-09,8.97733494834193e-08,-52.50029151981821,-56.940820898193465,-0.9194805194805195,True
avg_drop,Overall,60,3D-LIME,SaliencyTubes,632.0,0.7713744910172167,1.0,-1.75392867442655,0.0,-0.04675716440422323,False
avg_drop,Overall,60,3D-LIME,AOSA,516.0,0.4602281322836087,1.0,-5.751167278822802,0.0,-0.12244897959183673,False
avg_drop,Overall,60,3D-LIME,GradCAM,559.0,0.3296393571677494,1.0,-8.18855219341849,0.0,-0.1568627450980392,False
avg_drop,Overall,60,3D-RISE,3D-Sampled-Occl-Sens,62.0,4.711523543851019e-06,8.951894733316937e-05,-28.342269805231044,-0.36346691521279656,-0.841025641025641,True
avg_drop,Overall,60,3D-RISE,LV-LOCO,0.0,1.1076151546135735e-10,3.987414556608865e-09,-62.79617717428781,-73.3835631651655,-1.0,True
avg_drop,Overall,60,3D-RISE,LV-Univ-Pred,3.0,2.8340500719682465e-10,9.635770244692038e-09,-70.97181080571112,-95.70820894829285,-0.9958071278825996,True
avg_drop,Overall,60,3D-RISE,SaliencyTubes,26.0,8.205660306312988e-09,2.2926511108525573e-07,-20.225447960319464,-5.481002393932535,-0.95578231292517,True
avg_drop,Overall,60,3D-RISE,AOSA,56.0,7.606611902281538e-07,1.5213223804563076e-05,-24.222686564715712,-2.154525205196097,-0.875968992248062,True
avg_drop,Overall,60,3D-RISE,GradCAM,38.0,2.6033129411414107e-08,6.247951058739386e-07,-26.660071479311405,-11.583563533172775,-0.9326241134751773,True
avg_drop,Overall,60,3D-Sampled-Occl-Sens,LV-LOCO,273.0,3.1253041816149603e-05,0.0005313017108745432,-34.45390736905677,-33.46172835385206,-0.6454545454545455,True
avg_drop,Overall,60,3D-Sampled-Occl-Sens,LV-Univ-Pred,163.0,3.6612063148948426e-07,7.688533261279169e-06,-42.62954100048007,-40.6128990149885,-0.7883116883116883,True
avg_drop,Overall,60,3D-Sampled-Occl-Sens,SaliencyTubes,553.0,0.5539416420840029,1.0,8.11682184491158,0.0,0.09714285714285714,False
avg_drop,Overall,60,3D-Sampled-Occl-Sens,AOSA,493.0,0.6037919466053148,1.0,4.119583240515329,0.0,0.08788159111933395,False
avg_drop,Overall,60,3D-Sampled-Occl-Sens,GradCAM,582.0,0.9509297401292157,1.0,1.6821983259196402,0.0,-0.01020408163265306,False
avg_drop,Overall,60,LV-LOCO,LV-Univ-Pred,495.0,0.008442613627799328,0.13508181804478925,-8.1756336314233,-2.0961125973885117,-0.4010889292196007,False
avg_drop,Overall,60,LV-LOCO,SaliencyTubes,103.0,1.4348785450968169e-08,3.730684217251724e-07,42.570729213968356,49.47264326793875,0.8709273182957393,True
avg_drop,Overall,60,LV-LOCO,AOSA,76.0,6.073819786904205e-09,1.7614077382022193e-07,38.5734906095721,35.67147536102317,0.9012987012987013,True
avg_drop,Overall,60,LV-LOCO,GradCAM,242.0,5.751105014987242e-06,0.00010351989026977036,36.13610569497641,39.68721570683789,0.6967418546365914,True
avg_drop,Overall,60,LV-Univ-Pred,SaliencyTubes,98.0,1.7980842234090462e-08,4.4952105585226156e-07,50.74636284539165,62.34584842252556,0.8727272727272727,True
avg_drop,Overall,60,LV-Univ-Pred,AOSA,73.0,8.188039681616276e-09,2.2926511108525573e-07,46.74912424099539,47.10619953248387,0.9016835016835016,True
avg_drop,Overall,60,LV-Univ-Pred,GradCAM,151.0,2.1448858553694113e-07,4.718748881812705e-06,44.31173932639972,54.85724839870979,0.8038961038961039,True
avg_drop,Overall,60,SaliencyTubes,AOSA,542.0,0.4831256276428616,1.0,-3.9972386043962502,0.0,-0.11510204081632654,False
avg_drop,Overall,60,SaliencyTubes,GradCAM,536.0,0.4466761575438011,1.0,-6.434623518991941,0.0,-0.12489795918367347,False
avg_drop,Overall,60,AOSA,GradCAM,537.0,0.6009159375972588,1.0,-2.437384914595688,0.0,-0.08673469387755102,False
avg_drop,EtriActivity3D,30,3D-Kernel-SHAP,3D-LIME,125.0,0.3129702263334466,1.0,5.853920694085659,0.0,0.23076923076923078,False
avg_drop,EtriActivity3D,30,3D-Kernel-SHAP,3D-RISE,12.0,5.132932280600104e-05,0.0012832330701500261,19.896344328882062,10.16160818430921,0.9261538461538461,True
avg_drop,EtriActivity3D,30,3D-Kernel-SHAP,3D-Sampled-Occl-Sens,68.0,0.00364884175344801,0.06203030980861617,-31.25307098439062,-24.013675455097285,-0.6402116402116402,False
avg_drop,EtriActivity3D,30,3D-Kernel-SHAP,LV-LOCO,22.0,3.762049416854355e-05,0.0010533738367192193,-37.400759265022316,-37.16315300591595,-0.8916256157635468,True
avg_drop,EtriActivity3D,30,3D-Kernel-SHAP,LV-Univ-Pred,14.0,1.6789398011889547e-05,0.000520471338368576,-50.50408711630731,-54.90159171530179,-0.9310344827586207,True
avg_drop,EtriActivity3D,30,3D-Kernel-SHAP,SaliencyTubes,164.0,0.5480897994315235,1.0,2.1145424737856287,0.0,0.13227513227513227,False
avg_drop,EtriActivity3D,30,3D-Kernel-SHAP,AOSA,142.0,0.581228130412935,1.0,1.2620892796571748,0.0,0.12615384615384614,False
avg_drop,EtriActivity3D,30,3D-Kernel-SHAP,GradCAM,134.0,0.18637637586110412,1.0,-12.569913106883353,-0.21249327193349124,-0.291005291005291,False
avg_drop,EtriActivity3D,30,3D-LIME,3D-RISE,30.0,0.0010204937218340382,0.02245086188034884,14.042423634796403,0.45046892636193053,0.782608695652174,True
avg_drop,EtriActivity3D,30,3D-LIME,3D-Sampled-Occl-Sens,44.0,0.0014302832356022808,0.027689666912823607,-37.106991678476284,-17.670699604028773,-0.7292307692307692,True
avg_drop,EtriActivity3D,30,3D-LIME,LV-LOCO,9.0,9.977698887788448e-06,0.00033924176218480724,-43.254679959107975,-44.97045030522589,-0.9556650246305419,True
avg_drop,EtriActivity3D,30,3D-LIME,LV-Univ-Pred,19.0,4.4219436418719385e-05,0.001149705346886704,-56.35800781039297,-69.23549179947831,-0.8994708994708994,True
avg_drop,EtriActivity3D,30,3D-LIME,SaliencyTubes,166.0,0.5805544804163953,1.0,-3.739378220300031,0.0,-0.12169312169312169,False
avg_drop,EtriActivity3D,30,3D-LIME,AOSA,158.0,0.9036267967285596,1.0,-4.591831414428484,0.0,-0.027692307692307693,False
avg_drop,EtriActivity3D,30,3D-LIME,GradCAM,95.0,0.023923853164438725,0.31101009113770345,-18.423833800969017,-2.148987487452203,-0.4973544973544973,False
avg_drop,EtriActivity3D,30,3D-RISE,3D-Sampled-Occl-Sens,3.0,1.1805397710215685e-05,0.00038957812443711764,-51.14941531327268,-59.62466124820512,-0.9829059829059829,True
avg_drop,EtriActivity3D,30,3D-RISE,LV-LOCO,0.0,3.789619441580871e-06,0.00013642629989691135,-57.29710359390438,-69.32231380404237,-1.0,True
avg_drop,EtriActivity3D,30,3D-RISE,LV-Univ-Pred,2.0,7.03341409095573e-06,0.00024616949318345053,-70.40043144518937,-95.88405758847944,-0.9894179894179894,True
avg_drop,EtriActivity3D,30,3D-RISE,SaliencyTubes,9.0,1.5287832826570214e-05,0.0004892106504502468,-17.781801855096433,-4.802685811004492,-0.9523809523809523,True
avg_drop,EtriActivity3D,30,3D-RISE,AOSA,28.0,0.0013844833456411803,0.027689666912823607,-18.634255049224887,-0.09858816406015991,-0.7786561264822134,True
avg_drop,EtriActivity3D,30,3D-RISE,GradCAM,12.0,3.287631744240596e-05,0.0009534132058297729,-32.466257435765414,-14.529029873202177,-0.9316239316239316,True
avg_drop,EtriActivity3D,30,3D-Sampled-Occl-Sens,LV-LOCO,199.0,0.927424500241308,1.0,-6.1476882806317,0.3202806796100619,-0.019704433497536946,False
avg_drop,EtriActivity3D,30,3D-Sampled-Occl-Sens,LV-Univ-Pred,101.0,0.01176542554947011,0.17648138324205165,-19.251016131916685,-7.2253402168637315,-0.535632183908046,False
avg_drop,EtriActivity3D,30,3D-Sampled-Occl-Sens,SaliencyTubes,90.0,0.010077145023405218,0.1612343203744835,33.367613458176244,28.62570930646289,0.5566502463054187,False
avg_drop,EtriActivity3D,30,3D-Sampled-Occl-Sens,AOSA,49.0,0.0013142759771905613,0.027599795521001787,32.51516026404779,4.978406428881058,0.7207977207977208,True
avg_drop,EtriActivity3D,30,3D-Sampled-Occl-Sens,GradCAM,119.0,0.055773716812032845,0.520227725687883,18.68315787750726,4.7883103266329226,0.41379310344827586,False
avg_drop,EtriActivity3D,30,LV-LOCO,LV-Univ-Pred,103.0,0.013291697673508594,0.1860837674291203,-13.103327851284986,-13.61943515117678,-0.5264367816091954,False
avg_drop,EtriActivity3D,30,LV-LOCO,SaliencyTubes,57.0,0.0005194443313058342,0.011947219620034187,39.51530173880795,55.93780195827476,0.7379310344827587,True
avg_drop,EtriActivity3D,30,LV-LOCO,AOSA,22.0,3.762049416854355e-05,0.0010533738367192193,38.66284854467949,38.44994313079592,0.8916256157635468,True
avg_drop,EtriActivity3D,30,LV-LOCO,GradCAM,121.0,0.03692078702122782,0.40612865723350605,24.830846158138964,29.359664925537313,0.4436781609195402,False
avg_drop,EtriActivity3D,30,LV-Univ-Pred,SaliencyTubes,44.0,0.0001756918371506169,0.004216604091614806,52.61862959009294,66.47810291264157,0.7977011494252874,True
avg_drop,EtriActivity3D,30,LV-Univ-Pred,AOSA,18.0,2.5232121796675605e-05,0.0007569636539002682,51.766176395964486,53.66958487650153,0.9113300492610837,True
avg_drop,EtriActivity3D,30,LV-Univ-Pred,GradCAM,79.0,0.0027461281721087192,0.04943030709795695,37.93417400942395,34.56526476034309,0.6367816091954023,True
avg_drop,EtriActivity3D,30,SaliencyTubes,AOSA,167.0,0.5971176684141064,1.0,-0.8524531941284553,0.0025602633777832636,0.1164021164021164,False
avg_drop,EtriActivity3D,30,SaliencyTubes,GradCAM,105.0,0.025641445180224084,0.31101009113770345,-14.684455580668986,-2.622532072744371,-0.4827586206896552,False
avg_drop,EtriActivity3D,30,AOSA,GradCAM,99.0,0.0520227725687883,0.520227725687883,-13.832002386540529,-5.7483671884056164,-0.4358974358974359,False
avg_drop,Kinetics400,30,3D-Kernel-SHAP,3D-LIME,148.0,0.21041384431760835,1.0,4.533343224508637,2.4454015952864014,0.270935960591133,False
avg_drop,Kinetics400,30,3D-Kernel-SHAP,3D-RISE,0.0,8.29809930635731e-06,0.00025724107849707664,27.433958161498065,19.53566728770466,1.0,True
avg_drop,Kinetics400,30,3D-Kernel-SHAP,3D-Sampled-Occl-Sens,39.0,0.0005266468058223855,0.008952995698980552,21.898833864308653,13.154487399758136,0.7777777777777778,True
avg_drop,Kinetics400,30,3D-Kernel-SHAP,LV-LOCO,5.0,6.521320564544369e-06,0.0002086822580654198,-40.86129259317319,-39.65242307467134,-0.9753694581280788,True
avg_drop,Kinetics400,30,3D-Kernel-SHAP,LV-Univ-Pred,4.0,8.804538063577628e-06,0.00025724107849707664,-44.10923200473481,-41.99154953727805,-0.9788359788359788,True
avg_drop,Kinetics400,30,3D-Kernel-SHAP,SaliencyTubes,140.0,0.3672544095081207,1.0,4.764864095955567,0.0036511154247257,0.2022792022792023,False
avg_drop,Kinetics400,30,3D-Kernel-SHAP,AOSA,171.0,0.9090071978307225,1.0,-2.3771599187084784,0.0036511154247257,-0.02564102564102564,False
avg_drop,Kinetics400,30,3D-Kernel-SHAP,GradCAM,100.0,0.05516844006464357,0.6620212807757229,6.58007263864067,4.426264233712792,0.4301994301994302,False
avg_drop,Kinetics400,30,3D-LIME,3D-RISE,1.0,3.0883947354500344e-05,0.0007103307891535079,22.90061493698942,14.809480103494005,0.9927536231884058,True
avg_drop,Kinetics400,30,3D-LIME,3D-Sampled-Occl-Sens,30.0,0.0010204937218340382,0.01632789954934461,17.36549063980002,5.960719792953792,0.782608695652174,True
avg_drop,Kinetics400,30,3D-LIME,LV-LOCO,3.0,5.256413325850834e-06,0.00018923087973063,-45.394635817681824,-48.0720010556131,-0.9852216748768473,True
avg_drop,Kinetics400,30,3D-LIME,LV-Univ-Pred,12.0,1.3654670348802585e-05,0.00034136675872006465,-48.64257522924344,-53.51915597894167,-0.9408866995073891,True
avg_drop,Kinetics400,30,3D-LIME,SaliencyTubes,142.0,0.8192020334011836,1.0,0.2315208714469301,0.0,0.05333333333333334,False
avg_drop,Kinetics400,30,3D-LIME,AOSA,109.0,0.377758613852039,1.0,-6.910503143217115,0.0,-0.21014492753623187,False
avg_drop,Kinetics400,30,3D-LIME,GradCAM,111.0,0.265156633625956,1.0,2.0467294141320322,0.2808157632358139,0.26,False
avg_drop,Kinetics400,30,3D-RISE,3D-Sampled-Occl-Sens,31.0,0.31089682851661204,1.0,-5.5351242971894035,0.0,-0.31868131868131866,False
avg_drop,Kinetics400,30,3D-RISE,LV-LOCO,0.0,5.606116527496014e-06,0.0001962140784623605,-68.29525075467126,-81.49140355608685,-1.0,True
avg_drop,Kinetics400,30,3D-RISE,LV-Univ-Pred,0.0,8.29809930635731e-06,0.00025724107849707664,-71.54319016623286,-84.92552308511874,-1.0,True
avg_drop,Kinetics400,30,3D-RISE,SaliencyTubes,5.0,0.00012267381509278226,0.002453476301855645,-22.669094065542488,-10.844706838124502,-0.9567099567099567,True
avg_drop,Kinetics400,30,3D-RISE,AOSA,10.0,0.00039023125084089363,0.007024162515136085,-29.811118080206537,-22.09063496754242,-0.9047619047619048,True
avg_drop,Kinetics400,30,3D-RISE,GradCAM,10.0,0.0002454779714376183,0.004664081457314747,-20.85388552285738,-6.415347887171869,-0.9134199134199135,True
avg_drop,Kinetics400,30,3D-Sampled-Occl-Sens,LV-LOCO,0.0,5.606116527496014e-06,0.0001962140784623605,-62.76012645748184,-77.93598356649981,-1.0,True
avg_drop,Kinetics400,30,3D-Sampled-Occl-Sens,LV-Univ-Pred,0.0,8.29809930635731e-06,0.00025724107849707664,-66.00806586904345,-81.15987893807107,-1.0,True
avg_drop,Kinetics400,30,3D-Sampled-Occl-Sens,SaliencyTubes,21.0,0.0010212800218205383,0.01632789954934461,-17.133969768353086,-3.622104192897746,-0.8181818181818182,True
avg_drop,Kinetics400,30,3D-Sampled-Occl-Sens,AOSA,24.0,0.002495007691836849,0.03493010768571589,-24.275993783017135,-6.3848439776617,-0.7714285714285715,True
avg_drop,Kinetics400,30,3D-Sampled-Occl-Sens,GradCAM,38.0,0.01237422010582018,0.16086486137566236,-15.318761225667986,-1.6837471098149561,-0.638095238095238,False
avg_drop,Kinetics400,30,LV-LOCO,LV-Univ-Pred,162.0,0.35049563131847306,1.0,-3.247939411561615,-0.5627265551178198,-0.2019704433497537,False
avg_drop,Kinetics400,30,LV-LOCO,SaliencyTubes,1.0,6.28108477823397e-06,0.00020727579768172103,45.62615668912875,39.1996753984578,0.9947089947089947,True
avg_drop,Kinetics400,30,LV-LOCO,AOSA,19.0,4.4219436418719385e-05,0.0009728276012118264,38.4841326744647,32.237252689109965,0.8994708994708994,True
avg_drop,Kinetics400,30,LV-LOCO,GradCAM,7.0,1.2280378206640874e-05,0.0003192898333726627,47.441365231813855,47.82756336722777,0.9629629629629629,True
avg_drop,Kinetics400,30,LV-Univ-Pred,SaliencyTubes,7.0,1.872638514690607e-05,0.0004494332435257457,48.87409610069037,47.17131677496853,0.9601139601139601,True
avg_drop,Kinetics400,30,LV-Univ-Pred,AOSA,20.0,7.835209088796207e-05,0.0016453939086472035,41.732072086026314,31.170170639307955,0.886039886039886,True
avg_drop,Kinetics400,30,LV-Univ-Pred,GradCAM,3.0,1.1805397710215685e-05,0.00031874573817582347,50.68930464337547,62.4360061370723,0.9829059829059829,True
avg_drop,Kinetics400,30,SaliencyTubes,AOSA,89.0,0.22342853015648512,1.0,-7.142024014664046,-0.0247871584978497,-0.2964426877470356,False
avg_drop,Kinetics400,30,SaliencyTubes,GradCAM,72.0,0.13054460509877688,1.0,1.8152085426851015,0.0,0.37662337662337664,False
avg_drop,Kinetics400,30,AOSA,GradCAM,92.0,0.2626860925759784,1.0,8.95723255734915,0.0,0.2727272727272727,False
pointing_game,Overall,60,3D-Kernel-SHAP,3D-LIME,4.0,0.05878172135535886,1.0,-0.08333333333333333,0.0,-0.7142857142857143,False
pointing_game,Overall,60,3D-Kernel-SHAP,3D-RISE,56.0,0.7962534147376392,1.0,0.016666666666666666,0.0,0.06666666666666667,False
pointing_game,Overall,60,3D-Kernel-SHAP,3D-Sampled-Occl-Sens,45.0,0.0895550744136426,1.0,0.11666666666666667,0.0,0.4117647058823529,False
pointing_game,Overall,60,3D-Kernel-SHAP,LV-LOCO,24.0,0.36571229628151325,1.0,0.05,0.0,0.2727272727272727,False
pointing_game,Overall,60,3D-Kernel-SHAP,LV-Univ-Pred,7.0,0.0022819372533154484,0.07302199210609435,0.18333333333333332,0.0,0.8461538461538461,False
pointing_game,Overall,60,3D-Kernel-SHAP,SaliencyTubes,63.0,0.07363827012030266,1.0,0.13333333333333333,0.0,0.4,False
pointing_game,Overall,60,3D-Kernel-SHAP,AOSA,63.0,0.07363827012030266,1.0,0.13333333333333333,0.0,0.4,False
pointing_game,Overall,60,3D-Kernel-SHAP,GradCAM,93.0,0.0010150009471130653,0.03451003220184422,0.3,0.0,0.6,True
pointing_game,Overall,60,3D-LIME,3D-RISE,19.5,0.0832645166635504,1.0,0.1,0.0,0.5,False
pointing_game,Overall,60,3D-LIME,3D-Sampled-Occl-Sens,28.5,0.0046777349810472576,0.14124684389873904,0.2,0.0,0.6666666666666666,False
pointing_game,Overall,60,3D-LIME,LV-LOCO,22.5,0.03250944464571951,0.8127361161429878,0.13333333333333333,0.0,0.5714285714285714,False
pointing_game,Overall,60,3D-LIME,LV-Univ-Pred,9.5,0.00016244084518680075,0.005685429581538027,0.26666666666666666,0.0,0.8888888888888888,True
pointing_game,Overall,60,3D-LIME,SaliencyTubes,44.0,0.004556349803185131,0.14124684389873904,0.21666666666666667,0.0,0.6190476190476191,False
pointing_game,Overall,60,3D-LIME,AOSA,60.0,0.006714389785549478,0.18800291399538538,0.21666666666666667,0.0,0.5652173913043478,False
pointing_game,Overall,60,3D-LIME,GradCAM,64.0,3.6131125499798315e-05,0.0013007205179927394,0.38333333333333336,0.0,0.7419354838709677,True
pointing_game,Overall,60,3D-RISE,3D-Sampled-Occl-Sens,73.5,0.17971249487899976,1.0,0.1,0.0,0.3,False
pointing_game,Overall,60,3D-RISE,LV-LOCO,76.0,0.6373518882339371,1.0,0.03333333333333333,0.0,0.1111111111111111,False
pointing_game,Overall,60,3D-RISE,LV-Univ-Pred,69.0,0.03300625766123251,0.8127361161429878,0.16666666666666666,0.0,0.45454545454545453,False
pointing_game,Overall,60,3D-RISE,SaliencyTubes,117.0,0.16151331846754213,1.0,0.11666666666666667,0.0,0.28,False
pointing_game,Overall,60,3D-RISE,AOSA,117.0,0.16151331846754213,1.0,0.11666666666666667,0.0,0.28,False
pointing_game,Overall,60,3D-RISE,GradCAM,90.0,0.0015949936169505176,0.05263478935936708,0.2833333333333333,0.0,0.5862068965517241,False
pointing_game,Overall,60,3D-Sampled-Occl-Sens,LV-LOCO,51.0,0.31731050786291415,1.0,-0.06666666666666667,0.0,-0.25,False
pointing_game,Overall,60,3D-Sampled-Occl-Sens,LV-Univ-Pred,125.0,0.4142161782425252,1.0,0.06666666666666667,0.0,0.16666666666666666,False
pointing_game,Overall,60,3D-Sampled-Occl-Sens,SaliencyTubes,132.0,0.8348273291852392,1.0,0.016666666666666666,0.0,0.043478260869565216,False
pointing_game,Overall,60,3D-Sampled-Occl-Sens,AOSA,156.0,0.8414805811217939,1.0,0.016666666666666666,0.0,0.04,False
pointing_game,Overall,60,3D-Sampled-Occl-Sens,GradCAM,72.0,0.02181011914372237,0.5670630977367817,0.18333333333333332,0.0,0.4782608695652174,False
pointing_game,Overall,60,LV-LOCO,LV-Univ-Pred,100.0,0.10247043485974937,1.0,0.13333333333333333,0.0,0.3333333333333333,False
pointing_game,Overall,60,LV-LOCO,SaliencyTubes,108.0,0.2971465303484704,1.0,0.08333333333333333,0.0,0.21739130434782608,False
pointing_game,Overall,60,LV-LOCO,AOSA,108.0,0.2971465303484704,1.0,0.08333333333333333,0.0,0.21739130434782608,False
pointing_game,Overall,60,LV-LOCO,GradCAM,105.0,0.005345676872654233,0.15502462930697278,0.25,0.0,0.5172413793103449,False
pointing_game,Overall,60,LV-Univ-Pred,SaliencyTubes,143.0,0.5485062355001472,1.0,-0.05,0.0,-0.12,False
pointing_game,Overall,60,LV-Univ-Pred,AOSA,120.0,0.5316145768816123,1.0,-0.05,0.0,-0.13043478260869565,False
pointing_game,Overall,60,LV-Univ-Pred,GradCAM,117.0,0.16151331846754213,1.0,0.11666666666666667,0.0,0.28,False
pointing_game,Overall,60,SaliencyTubes,AOSA,39.0,1.0,1.0,0.0,0.0,0.0,False
pointing_game,Overall,60,SaliencyTubes,GradCAM,38.0,0.018422125454099,0.49739738726067295,0.16666666666666666,0.0,0.5555555555555556,False
pointing_game,Overall,60,AOSA,GradCAM,108.0,0.04986020375690694,1.0,0.16666666666666666,0.0,0.38461538461538464,False
pointing_game,EtriActivity3D,30,3D-Kernel-SHAP,3D-LIME,0.0,0.0832645166635504,1.0,-0.1,0.0,-1.0,False
pointing_game,EtriActivity3D,30,3D-Kernel-SHAP,3D-RISE,10.5,1.0,1.0,0.0,0.0,0.0,False
pointing_game,EtriActivity3D,30,3D-Kernel-SHAP,3D-Sampled-Occl-Sens,13.5,0.47950012218695337,1.0,0.06666666666666667,0.0,0.25,False
pointing_game,EtriActivity3D,30,3D-Kernel-SHAP,LV-LOCO,8.0,0.25683925795785656,1.0,0.1,0.0,0.42857142857142855,False
pointing_game,EtriActivity3D,30,3D-Kernel-SHAP,LV-Univ-Pred,0.0,0.0081509715935027,0.2608310909920864,0.23333333333333334,0.0,1.0,False
pointing_game,EtriActivity3D,30,3D-Kernel-SHAP,SaliencyTubes,21.0,0.05220363534131467,1.0,0.23333333333333334,0.0,0.5384615384615384,False
pointing_game,EtriActivity3D,30,3D-Kernel-SHAP,AOSA,13.0,0.020921335337794014,0.6041025465103902,0.26666666666666666,0.0,0.6666666666666666,False
pointing_game,EtriActivity3D,30,3D-Kernel-SHAP,GradCAM,24.0,0.02013675155034634,0.6041025465103902,0.3,0.0,0.6,False
pointing_game,EtriActivity3D,30,3D-LIME,3D-RISE,3.0,0.17971249487899976,1.0,0.1,0.0,0.6,False
pointing_game,EtriActivity3D,30,3D-LIME,3D-Sampled-Occl-Sens,10.0,0.0955807045456294,1.0,0.16666666666666666,0.0,0.5555555555555556,False
pointing_game,EtriActivity3D,30,3D-LIME,LV-LOCO,0.0,0.014305878435429648,0.4434822314983191,0.2,0.0,1.0,False
pointing_game,EtriActivity3D,30,3D-LIME,LV-Univ-Pred,0.0,0.001565402258002548,0.05478907903008918,0.3333333333333333,0.0,1.0,False
pointing_game,EtriActivity3D,30,3D-LIME,SaliencyTubes,6.5,0.003892417122778628,0.12844976505169473,0.3333333333333333,0.0,0.8333333333333334,False
pointing_game,EtriActivity3D,30,3D-LIME,AOSA,7.0,0.0022819372533154484,0.07758586661272525,0.36666666666666664,0.0,0.8461538461538461,False
pointing_game,EtriActivity3D,30,3D-LIME,GradCAM,7.5,0.0013406411172294783,0.04826308022026122,0.4,0.0,0.8571428571428571,True
pointing_game,EtriActivity3D,30,3D-RISE,3D-Sampled-Occl-Sens,22.0,0.5270892568655381,1.0,0.06666666666666667,0.0,0.2,False
pointing_game,EtriActivity3D,30,3D-RISE,LV-LOCO,8.0,0.25683925795785656,1.0,0.1,0.0,0.42857142857142855,False
pointing_game,EtriActivity3D,30,3D-RISE,LV-Univ-Pred,12.0,0.034808478811867126,0.9398289279204124,0.23333333333333334,0.0,0.6363636363636364,False
pointing_game,EtriActivity3D,30,3D-RISE,SaliencyTubes,21.0,0.05220363534131467,1.0,0.23333333333333334,0.0,0.5384615384615384,False
pointing_game,EtriActivity3D,30,3D-RISE,AOSA,34.0,0.0455002638963584,1.0,0.26666666666666666,0.0,0.5,False
pointing_game,EtriActivity3D,30,3D-RISE,GradCAM,24.0,0.02013675155034634,0.6041025465103902,0.3,0.0,0.6,False
pointing_game,EtriActivity3D,30,3D-Sampled-Occl-Sens,LV-LOCO,20.0,0.7388826803635273,1.0,0.03333333333333333,0.0,0.1111111111111111,False
pointing_game,EtriActivity3D,30,3D-Sampled-Occl-Sens,LV-Univ-Pred,40.0,0.19670560245894686,1.0,0.16666666666666666,0.0,0.3333333333333333,False
pointing_game,EtriActivity3D,30,3D-Sampled-Occl-Sens,SaliencyTubes,28.0,0.16551785869747015,1.0,0.16666666666666666,0.0,0.38461538461538464,False
pointing_game,EtriActivity3D,30,3D-Sampled-Occl-Sens,AOSA,42.5,0.13361440253771611,1.0,0.2,0.0,0.375,False
pointing_game,EtriActivity3D,30,3D-Sampled-Occl-Sens,GradCAM,21.0,0.05220363534131467,1.0,0.23333333333333334,0.0,0.5384615384615384,False
pointing_game,EtriActivity3D,30,LV-LOCO,LV-Univ-Pred,37.5,0.28504940740261275,1.0,0.13333333333333333,0.0,0.2857142857142857,False
pointing_game,EtriActivity3D,30,LV-LOCO,SaliencyTubes,37.5,0.28504940740261275,1.0,0.13333333333333333,0.0,0.2857142857142857,False
pointing_game,EtriActivity3D,30,LV-LOCO,AOSA,28.0,0.16551785869747015,1.0,0.16666666666666666,0.0,0.38461538461538464,False
pointing_game,EtriActivity3D,30,LV-LOCO,GradCAM,57.0,0.15729920705028502,1.0,0.2,0.0,0.3333333333333333,False
pointing_game,EtriActivity3D,30,LV-Univ-Pred,SaliencyTubes,39.0,1.0,1.0,0.0,0.0,0.0,False
pointing_game,EtriActivity3D,30,LV-Univ-Pred,AOSA,30.0,0.763024600552995,1.0,0.03333333333333333,0.0,0.09090909090909091,False
pointing_game,EtriActivity3D,30,LV-Univ-Pred,GradCAM,32.5,0.5637028616507731,1.0,0.06666666666666667,0.0,0.16666666666666666,False
pointing_game,EtriActivity3D,30,SaliencyTubes,AOSA,12.0,0.7054569861112734,1.0,0.03333333333333333,0.0,0.14285714285714285,False
pointing_game,EtriActivity3D,30,SaliencyTubes,GradCAM,7.0,0.4142161782425253,1.0,0.06666666666666667,0.0,0.3333333333333333,False
pointing_game,EtriActivity3D,30,AOSA,GradCAM,42.0,0.7815112949987133,1.0,0.03333333333333333,0.0,0.07692307692307693,False
pointing_game,Kinetics400,30,3D-Kernel-SHAP,3D-LIME,2.5,0.31731050786291415,1.0,-0.06666666666666667,0.0,-0.5,False
pointing_game,Kinetics400,30,3D-Kernel-SHAP,3D-RISE,20.0,0.7388826803635273,1.0,0.03333333333333333,0.0,0.1111111111111111,False
pointing_game,Kinetics400,30,3D-Kernel-SHAP,3D-Sampled-Occl-Sens,10.0,0.0955807045456294,1.0,0.16666666666666666,0.0,0.5555555555555556,False
pointing_game,Kinetics400,30,3D-Kernel-SHAP,LV-LOCO,5.0,1.0,1.0,0.0,0.0,0.0,False
pointing_game,Kinetics400,30,3D-Kernel-SHAP,LV-Univ-Pred,3.5,0.10247043485974941,1.0,0.13333333333333333,0.0,0.6666666666666666,False
pointing_game,Kinetics400,30,3D-Kernel-SHAP,SaliencyTubes,12.0,0.7054569861112734,1.0,0.03333333333333333,0.0,0.14285714285714285,False
pointing_game,Kinetics400,30,3D-Kernel-SHAP,AOSA,18.0,1.0,1.0,0.0,0.0,0.0,False
pointing_game,Kinetics400,30,3D-Kernel-SHAP,GradCAM,24.0,0.02013675155034634,0.647811689490592,0.3,0.0,0.6,False
pointing_game,Kinetics400,30,3D-LIME,3D-RISE,8.0,0.25683925795785656,1.0,0.1,0.0,0.42857142857142855,False
pointing_game,Kinetics400,30,3D-LIME,3D-Sampled-Occl-Sens,5.0,0.019630657257290667,0.647811689490592,0.23333333333333334,0.0,0.7777777777777778,False
pointing_game,Kinetics400,30,3D-LIME,LV-LOCO,13.5,0.47950012218695337,1.0,0.06666666666666667,0.0,0.25,False
pointing_game,Kinetics400,30,3D-LIME,LV-Univ-Pred,4.5,0.033894853524689246,0.9829507522159882,0.2,0.0,0.75,False
pointing_game,Kinetics400,30,3D-LIME,SaliencyTubes,15.0,0.31731050786291415,1.0,0.1,0.0,0.3333333333333333,False
pointing_game,Kinetics400,30,3D-LIME,AOSA,22.0,0.5270892568655381,1.0,0.06666666666666667,0.0,0.2,False
pointing_game,Kinetics400,30,3D-LIME,GradCAM,27.0,0.007632881787792299,0.26715086257273046,0.36666666666666664,0.0,0.6470588235294118,False
pointing_game,Kinetics400,30,3D-RISE,3D-Sampled-Occl-Sens,16.5,0.2059032107320684,1.0,0.13333333333333333,0.0,0.4,False
pointing_game,Kinetics400,30,3D-RISE,LV-LOCO,30.0,0.763024600552995,1.0,-0.03333333333333333,0.0,-0.09090909090909091,False
pointing_game,Kinetics400,30,3D-RISE,LV-Univ-Pred,24.0,0.36571229628151325,1.0,0.1,0.0,0.2727272727272727,False
pointing_game,Kinetics400,30,3D-RISE,SaliencyTubes,39.0,1.0,1.0,0.0,0.0,0.0,False
pointing_game,Kinetics400,30,3D-RISE,AOSA,20.0,0.7388826803635273,1.0,-0.03333333333333333,0.0,-0.1111111111111111,False
pointing_game,Kinetics400,30,3D-RISE,GradCAM,22.5,0.03250944464571951,0.9752833393715853,0.26666666666666666,0.0,0.5714285714285714,False
pointing_game,Kinetics400,30,3D-Sampled-Occl-Sens,LV-LOCO,4.0,0.05878172135535886,1.0,-0.16666666666666666,0.0,-0.7142857142857143,False
pointing_game,Kinetics400,30,3D-Sampled-Occl-Sens,LV-Univ-Pred,20.0,0.7388826803635273,1.0,-0.03333333333333333,0.0,-0.1111111111111111,False
pointing_game,Kinetics400,30,3D-Sampled-Occl-Sens,SaliencyTubes,16.5,0.2059032107320684,1.0,-0.13333333333333333,0.0,-0.4,False
pointing_game,Kinetics400,30,3D-Sampled-Occl-Sens,AOSA,10.0,0.0955807045456294,1.0,-0.16666666666666666,0.0,-0.5555555555555556,False
pointing_game,Kinetics400,30,3D-Sampled-Occl-Sens,GradCAM,16.5,0.2059032107320684,1.0,0.13333333333333333,0.0,0.4,False
pointing_game,Kinetics400,30,LV-LOCO,LV-Univ-Pred,16.5,0.2059032107320684,1.0,0.13333333333333333,0.0,0.4,False
pointing_game,Kinetics400,30,LV-LOCO,SaliencyTubes,20.0,0.7388826803635273,1.0,0.03333333333333333,0.0,0.1111111111111111,False
pointing_game,Kinetics400,30,LV-LOCO,AOSA,27.5,1.0,1.0,0.0,0.0,0.0,False
pointing_game,Kinetics400,30,LV-LOCO,GradCAM,6.0,0.006655605482949377,0.23960179738617757,0.3,0.0,0.8181818181818182,False
pointing_game,Kinetics400,30,LV-Univ-Pred,SaliencyTubes,35.0,0.40538055645894233,1.0,-0.1,0.0,-0.23076923076923078,False
pointing_game,Kinetics400,30,LV-Univ-Pred,AOSA,26.0,0.24821307898992362,1.0,-0.13333333333333333,0.0,-0.3333333333333333,False
pointing_game,Kinetics400,30,LV-Univ-Pred,GradCAM,28.0,0.16551785869747015,1.0,0.16666666666666666,0.0,0.38461538461538464,False
pointing_game,Kinetics400,30,SaliencyTubes,AOSA,6.0,0.6547208460185769,1.0,-0.03333333333333333,0.0,-0.2,False
pointing_game,Kinetics400,30,SaliencyTubes,GradCAM,13.0,0.020921335337794014,0.6485613954716144,0.26666666666666666,0.0,0.6666666666666666,False
pointing_game,Kinetics400,30,AOSA,GradCAM,14.0,0.012554918596966547,0.42686723229686263,0.3,0.0,0.6923076923076923,False
iou50,Overall,60,3D-Kernel-SHAP,3D-LIME,6.0,0.6547208460185769,1.0,0.016666666666666666,0.0,0.2,False
iou50,Overall,60,3D-Kernel-SHAP,3D-RISE,0.0,0.025347318677468252,0.8111141976789841,0.08333333333333333,0.0,1.0,False
iou50,Overall,60,3D-Kernel-SHAP,3D-Sampled-Occl-Sens,0.0,0.014305878435429648,0.5007057452400376,0.1,0.0,1.0,False
iou50,Overall,60,3D-Kernel-SHAP,LV-LOCO,12.0,0.7054569861112734,1.0,-0.016666666666666666,0.0,-0.14285714285714285,False
iou50,Overall,60,3D-Kernel-SHAP,LV-Univ-Pred,12.0,0.7054569861112734,1.0,0.016666666666666666,0.0,0.14285714285714285,False
iou50,Overall,60,3D-Kernel-SHAP,SaliencyTubes,4.0,0.05878172135535886,1.0,0.08333333333333333,0.0,0.7142857142857143,False
iou50,Overall,60,3D-Kernel-SHAP,AOSA,0.0,0.025347318677468252,0.8111141976789841,0.08333333333333333,0.0,1.0,False
iou50,Overall,60,3D-Kernel-SHAP,GradCAM,4.5,0.033894853524689246,0.9151610451666097,0.1,0.0,0.75,False
iou50,Overall,60,3D-LIME,3D-RISE,0.0,0.0455002638963584,1.0,0.06666666666666667,0.0,1.0,False
iou50,Overall,60,3D-LIME,3D-Sampled-Occl-Sens,0.0,0.025347318677468252,0.8111141976789841,0.08333333333333333,0.0,1.0,False
iou50,Overall,60,3D-LIME,LV-LOCO,2.5,0.31731050786291415,1.0,-0.03333333333333333,0.0,-0.5,False
iou50,Overall,60,3D-LIME,LV-Univ-Pred,18.0,1.0,1.0,0.0,0.0,0.0,False
iou50,Overall,60,3D-LIME,SaliencyTubes,3.5,0.10247043485974941,1.0,0.06666666666666667,0.0,0.6666666666666666,False
iou50,Overall,60,3D-LIME,AOSA,3.5,0.10247043485974941,1.0,0.06666666666666667,0.0,0.6666666666666666,False
iou50,Overall,60,3D-LIME,GradCAM,4.0,0.05878172135535886,1.0,0.08333333333333333,0.0,0.7142857142857143,False
iou50,Overall,60,3D-RISE,3D-Sampled-Occl-Sens,0.0,0.31731050786291415,1.0,0.016666666666666666,0.0,1.0,False
iou50,Overall,60,3D-RISE,LV-LOCO,0.0,0.014305878435429648,0.5007057452400376,-0.1,0.0,-1.0,False
iou50,Overall,60,3D-RISE,LV-Univ-Pred,0.0,0.0455002638963584,1.0,-0.06666666666666667,0.0,-1.0,False
iou50,Overall,60,3D-RISE,SaliencyTubes,1.5,1.0,1.0,0.0,0.0,0.0,False
iou50,Overall,60,3D-RISE,AOSA,1.5,1.0,1.0,0.0,0.0,0.0,False
iou50,Overall,60,3D-RISE,GradCAM,2.0,0.5637028616507731,1.0,0.016666666666666666,0.0,0.3333333333333333,False
iou50,Overall,60,3D-Sampled-Occl-Sens,LV-LOCO,0.0,0.0081509715935027,0.2934349773660972,-0.11666666666666667,0.0,-1.0,False
iou50,Overall,60,3D-Sampled-Occl-Sens,LV-Univ-Pred,0.0,0.025347318677468252,0.8111141976789841,-0.08333333333333333,0.0,-1.0,False
iou50,Overall,60,3D-Sampled-Occl-Sens,SaliencyTubes,0.0,0.31731050786291415,1.0,-0.016666666666666666,0.0,-1.0,False
iou50,Overall,60,3D-Sampled-Occl-Sens,AOSA,0.0,0.31731050786291415,1.0,-0.016666666666666666,0.0,-1.0,False
iou50,Overall,60,3D-Sampled-Occl-Sens,GradCAM,1.5,1.0,1.0,0.0,0.0,0.0,False
iou50,Overall,60,LV-LOCO,LV-Univ-Pred,13.5,0.47950012218695337,1.0,0.03333333333333333,0.0,0.25,False
iou50,Overall,60,LV-LOCO,SaliencyTubes,4.5,0.033894853524689246,0.9151610451666097,0.1,0.0,0.75,False
iou50,Overall,60,LV-LOCO,AOSA,4.5,0.033894853524689246,0.9151610451666097,0.1,0.0,0.75,False
iou50,Overall,60,LV-LOCO,GradCAM,5.0,0.019630657257290667,0.647811689490592,0.11666666666666667,0.0,0.7777777777777778,False
iou50,Overall,60,LV-Univ-Pred,SaliencyTubes,0.0,0.0455002638963584,1.0,0.06666666666666667,0.0,1.0,False
iou50,Overall,60,LV-Univ-Pred,AOSA,0.0,0.0455002638963584,1.0,0.06666666666666667,0.0,1.0,False
iou50,Overall,60,LV-Univ-Pred,GradCAM,0.0,0.025347318677468252,0.8111141976789841,0.08333333333333333,0.0,1.0,False
iou50,Overall,60,SaliencyTubes,AOSA,1.5,1.0,1.0,0.0,0.0,0.0,False
iou50,Overall,60,SaliencyTubes,GradCAM,0.0,0.31731050786291415,1.0,0.016666666666666666,0.0,1.0,False
iou50,Overall,60,AOSA,GradCAM,2.0,0.5637028616507731,1.0,0.016666666666666666,0.0,0.3333333333333333,False
iou50,EtriActivity3D,30,3D-Kernel-SHAP,3D-LIME,6.0,0.6547208460185769,1.0,0.03333333333333333,0.0,0.2,False
iou50,EtriActivity3D,30,3D-Kernel-SHAP,3D-RISE,0.0,0.025347318677468252,0.8364615163564523,0.16666666666666666,0.0,1.0,False
iou50,EtriActivity3D,30,3D-Kernel-SHAP,3D-Sampled-Occl-Sens,0.0,0.014305878435429648,0.5007057452400376,0.2,0.0,1.0,False
iou50,EtriActivity3D,30,3D-Kernel-SHAP,LV-LOCO,12.0,0.7054569861112734,1.0,-0.03333333333333333,0.0,-0.14285714285714285,False
iou50,EtriActivity3D,30,3D-Kernel-SHAP,LV-Univ-Pred,7.0,0.4142161782425253,1.0,0.06666666666666667,0.0,0.3333333333333333,False
iou50,EtriActivity3D,30,3D-Kernel-SHAP,SaliencyTubes,4.0,0.05878172135535886,1.0,0.16666666666666666,0.0,0.7142857142857143,False
iou50,EtriActivity3D,30,3D-Kernel-SHAP,AOSA,0.0,0.025347318677468252,0.8364615163564523,0.16666666666666666,0.0,1.0,False
iou50,EtriActivity3D,30,3D-Kernel-SHAP,GradCAM,4.0,0.05878172135535886,1.0,0.16666666666666666,0.0,0.7142857142857143,False
iou50,EtriActivity3D,30,3D-LIME,3D-RISE,0.0,0.0455002638963584,1.0,0.13333333333333333,0.0,1.0,False
iou50,EtriActivity3D,30,3D-LIME,3D-Sampled-Occl-Sens,0.0,0.025347318677468252,0.8364615163564523,0.16666666666666666,0.0,1.0,False
iou50,EtriActivity3D,30,3D-LIME,LV-LOCO,2.5,0.31731050786291415,1.0,-0.06666666666666667,0.0,-0.5,False
iou50,EtriActivity3D,30,3D-LIME,LV-Univ-Pred,12.0,0.7054569861112734,1.0,0.03333333333333333,0.0,0.14285714285714285,False
iou50,EtriActivity3D,30,3D-LIME,SaliencyTubes,3.5,0.10247043485974941,1.0,0.13333333333333333,0.0,0.6666666666666666,False
iou50,EtriActivity3D,30,3D-LIME,AOSA,3.5,0.10247043485974941,1.0,0.13333333333333333,0.0,0.6666666666666666,False
iou50,EtriActivity3D,30,3D-LIME,GradCAM,3.5,0.10247043485974941,1.0,0.13333333333333333,0.0,0.6666666666666666,False
iou50,EtriActivity3D,30,3D-RISE,3D-Sampled-Occl-Sens,0.0,0.31731050786291415,1.0,0.03333333333333333,0.0,1.0,False
iou50,EtriActivity3D,30,3D-RISE,LV-LOCO,0.0,0.014305878435429648,0.5007057452400376,-0.2,0.0,-1.0,False
iou50,EtriActivity3D,30,3D-RISE,LV-Univ-Pred,0.0,0.0832645166635504,1.0,-0.1,0.0,-1.0,False
iou50,EtriActivity3D,30,3D-RISE,SaliencyTubes,1.5,1.0,1.0,0.0,0.0,0.0,False
iou50,EtriActivity3D,30,3D-RISE,AOSA,1.5,1.0,1.0,0.0,0.0,0.0,False
iou50,EtriActivity3D,30,3D-RISE,GradCAM,1.5,1.0,1.0,0.0,0.0,0.0,False
iou50,EtriActivity3D,30,3D-Sampled-Occl-Sens,LV-LOCO,0.0,0.0081509715935027,0.2934349773660972,-0.23333333333333334,0.0,-1.0,False
iou50,EtriActivity3D,30,3D-Sampled-Occl-Sens,LV-Univ-Pred,0.0,0.0455002638963584,1.0,-0.13333333333333333,0.0,-1.0,False
iou50,EtriActivity3D,30,3D-Sampled-Occl-Sens,SaliencyTubes,0.0,0.31731050786291415,1.0,-0.03333333333333333,0.0,-1.0,False
iou50,EtriActivity3D,30,3D-Sampled-Occl-Sens,AOSA,0.0,0.31731050786291415,1.0,-0.03333333333333333,0.0,-1.0,False
iou50,EtriActivity3D,30,3D-Sampled-Occl-Sens,GradCAM,0.0,0.31731050786291415,1.0,-0.03333333333333333,0.0,-1.0,False
iou50,EtriActivity3D,30,LV-LOCO,LV-Univ-Pred,8.0,0.25683925795785656,1.0,0.1,0.0,0.42857142857142855,False
iou50,EtriActivity3D,30,LV-LOCO,SaliencyTubes,4.5,0.033894853524689246,1.0,0.2,0.0,0.75,False
iou50,EtriActivity3D,30,LV-LOCO,AOSA,4.5,0.033894853524689246,1.0,0.2,0.0,0.75,False
iou50,EtriActivity3D,30,LV-LOCO,GradCAM,4.5,0.033894853524689246,1.0,0.2,0.0,0.75,False
iou50,EtriActivity3D,30,LV-Univ-Pred,SaliencyTubes,0.0,0.0832645166635504,1.0,0.1,0.0,1.0,False
iou50,EtriActivity3D,30,LV-Univ-Pred,AOSA,0.0,0.0832645166635504,1.0,0.1,0.0,1.0,False
iou50,EtriActivity3D,30,LV-Univ-Pred,GradCAM,0.0,0.0832645166635504,1.0,0.1,0.0,1.0,False
iou50,EtriActivity3D,30,SaliencyTubes,AOSA,1.5,1.0,1.0,0.0,0.0,0.0,False
iou50,EtriActivity3D,30,SaliencyTubes,GradCAM,0.0,1.0,1.0,0.0,0.0,0.0,False
iou50,EtriActivity3D,30,AOSA,GradCAM,1.5,1.0,1.0,0.0,0.0,0.0,False
iou_value,Overall,60,3D-Kernel-SHAP,3D-LIME,395.0,0.1119155520197154,1.0,-0.015050724185837479,0.0,-0.26919518963922295,False
iou_value,Overall,60,3D-Kernel-SHAP,3D-RISE,426.0,0.14419723036918033,1.0,0.020984052748758624,0.0,0.24468085106382978,False
iou_value,Overall,60,3D-Kernel-SHAP,3D-Sampled-Occl-Sens,223.0,0.0008867767607221078,0.027490079582385342,0.07518253206342827,0.0014448632907606918,0.5690821256038647,True
iou_value,Overall,60,3D-Kernel-SHAP,LV-LOCO,666.0,0.2815986063756848,1.0,-0.02444080414056488,-0.0016343687051889669,-0.16541353383458646,False
iou_value,Overall,60,3D-Kernel-SHAP,LV-Univ-Pred,616.0,0.1969477576172144,1.0,0.015618270553157924,0.0018521224016607718,0.2,False
iou_value,Overall,60,3D-Kernel-SHAP,SaliencyTubes,834.0,0.867794580200532,1.0,0.0024949199340599947,-0.0010757678541800976,-0.025131502045587374,False
iou_value,Overall,60,3D-Kernel-SHAP,AOSA,455.0,0.24872355512995892,1.0,0.03760599628500532,0.0,0.19326241134751773,False
iou_value,Overall,60,3D-Kernel-SHAP,GradCAM,746.0,0.29410049977499286,1.0,0.020055507111350363,0.006421122127003159,0.15706214689265538,False
iou_value,Overall,60,3D-LIME,3D-RISE,196.0,0.031369895723886744,0.6901377059255084,0.03603477693459611,0.0,0.4114114114114114,False
iou_value,Overall,60,3D-LIME,3D-Sampled-Occl-Sens,51.0,0.00018909720229770685,0.006051110473526619,0.09023325624926576,0.0,0.7806451612903226,True
iou_value,Overall,60,3D-LIME,LV-LOCO,657.0,0.4616250328009829,1.0,-0.009390079954727397,0.0,-0.11515151515151516,False
iou_value,Overall,60,3D-LIME,LV-Univ-Pred,417.0,0.02111773811698606,0.5068257148076655,0.030668994738995405,0.004820076170521798,0.37104072398190047,False
iou_value,Overall,60,3D-LIME,SaliencyTubes,749.0,0.860333606699557,1.0,0.017545644119897466,0.0,0.02727272727272727,False
iou_value,Overall,60,3D-LIME,AOSA,236.0,0.03162887685402137,0.6901377059255084,0.0526567204708428,0.0,0.39487179487179486,False
iou_value,Overall,60,3D-LIME,GradCAM,725.0,0.22717185307193666,1.0,0.035106231297187825,0.0038458102809208073,0.1807909604519774,False
iou_value,Overall,60,3D-RISE,3D-Sampled-Occl-Sens,61.0,3.178266114008894e-05,0.001112393139903113,0.05419847931466966,0.001488413202328043,0.8063492063492064,True
iou_value,Overall,60,3D-RISE,LV-LOCO,418.0,0.0031854723933106353,0.09237869940600843,-0.045424856889323496,-0.010319866376664641,-0.45714285714285713,False
iou_value,Overall,60,3D-RISE,LV-Univ-Pred,608.0,0.4607209307356066,1.0,-0.005365782195600701,0.0003824780110349502,0.11756168359941944,False
iou_value,Overall,60,3D-RISE,SaliencyTubes,584.0,0.08087768809368001,1.0,-0.01848913281469864,-0.009287815125647296,-0.2681704260651629,False
iou_value,Overall,60,3D-RISE,AOSA,321.0,0.15591642489709986,1.0,0.016621943536246696,0.0,0.25435540069686413,False
iou_value,Overall,60,3D-RISE,GradCAM,879.0,0.9638778671355666,1.0,-0.0009285456374082685,7.241395549609968e-05,-0.006779661016949152,False
iou_value,Overall,60,3D-Sampled-Occl-Sens,LV-LOCO,278.0,3.751966657011017e-05,0.0012756686633837457,-0.09962333620399315,-0.01494362474788935,-0.638961038961039,True
iou_value,Overall,60,3D-Sampled-Occl-Sens,LV-Univ-Pred,449.0,0.028840488609280297,0.6633312380134468,-0.05956426151027036,0.0,-0.3483309143686502,False
iou_value,Overall,60,3D-Sampled-Occl-Sens,SaliencyTubes,226.0,3.0734042150954693e-06,0.0001106425517434369,-0.07268761212936829,-0.07287869289221971,-0.7167919799498746,True
iou_value,Overall,60,3D-Sampled-Occl-Sens,AOSA,156.0,0.001866203554241179,0.055986106627235376,-0.03757653577842295,0.0,-0.5789473684210527,False
iou_value,Overall,60,3D-Sampled-Occl-Sens,GradCAM,356.0,6.527580218994658e-05,0.002154101472268237,-0.05512702495207793,-0.0455338402433457,-0.5977401129943503,True
iou_value,Overall,60,LV-LOCO,LV-Univ-Pred,490.0,0.011991919992776741,0.2997979998194185,0.04005907469372281,0.013833228515798157,0.38596491228070173,False
iou_value,Overall,60,LV-LOCO,SaliencyTubes,758.0,0.4503216296828608,1.0,0.026935724074624873,3.460553631184915e-05,0.11396843950905904,False
iou_value,Overall,60,LV-LOCO,AOSA,482.0,0.009947795495825255,0.25864268289145664,0.0620468004255702,0.0069184707260216,0.39598997493734334,False
iou_value,Overall,60,LV-LOCO,GradCAM,613.0,0.040067780353962405,0.8013556070792481,0.04449631125191524,0.012938579850308449,0.3073446327683616,False
iou_value,Overall,60,LV-Univ-Pred,SaliencyTubes,669.0,0.14875363118471316,1.0,-0.013123350619097926,-0.0068277317881358405,-0.21800116890707188,False
iou_value,Overall,60,LV-Univ-Pred,AOSA,734.0,0.9416574281388391,1.0,0.02198772573184741,-8.628213426500539e-07,0.011447811447811448,False
iou_value,Overall,60,LV-Univ-Pred,GradCAM,882.0,0.9819343033826566,1.0,0.004437236558192433,-0.0027089886299045485,-0.003389830508474576,False
iou_value,Overall,60,SaliencyTubes,AOSA,420.0,0.003362537203570489,0.0941510416999737,0.03511107635094534,0.024518133690140137,0.45454545454545453,False
iou_value,Overall,60,SaliencyTubes,GradCAM,531.0,0.007540435713233138,0.20359176425729472,0.01756058717729037,0.004806055011559262,0.4,False
iou_value,Overall,60,AOSA,GradCAM,693.0,0.1472785584384867,1.0,-0.017550489173654964,-0.01017799840430185,-0.21694915254237288,False
iou_value,EtriActivity3D,30,3D-Kernel-SHAP,3D-LIME,149.0,0.08793856762349606,1.0,-0.031253061648054276,-0.020680954150899197,-0.35913978494623655,False
iou_value,EtriActivity3D,30,3D-Kernel-SHAP,3D-RISE,162.0,0.15188691951334476,1.0,0.04353177207344207,0.05041932579372585,0.3032258064516129,False
iou_value,EtriActivity3D,30,3D-Kernel-SHAP,3D-Sampled-Occl-Sens,51.0,0.0003178954789673496,0.009695401415228844,0.15080415687482424,0.10681547967503265,0.7655172413793103,True
iou_value,EtriActivity3D,30,3D-Kernel-SHAP,LV-LOCO,184.0,0.3284698575735092,1.0,-0.04291542712041604,-0.0132686108652883,-0.2086021505376344,False
iou_value,EtriActivity3D,30,3D-Kernel-SHAP,LV-Univ-Pred,199.0,0.5027610473334789,1.0,0.020345057771400908,0.028771362186090197,0.14408602150537633,False
iou_value,EtriActivity3D,30,3D-Kernel-SHAP,SaliencyTubes,225.0,0.8871948085725307,1.0,0.009830056263341946,0.009154546990149462,0.03225806451612903,False
iou_value,EtriActivity3D,30,3D-Kernel-SHAP,AOSA,176.0,0.25343610532581806,1.0,0.07386774581904072,0.030741736322460897,0.24301075268817204,False
iou_value,EtriActivity3D,30,3D-Kernel-SHAP,GradCAM,184.0,0.3284698575735092,1.0,0.03966199641029725,0.0391621606709372,0.2086021505376344,False
iou_value,EtriActivity3D,30,3D-LIME,3D-RISE,114.0,0.013663241639733315,0.34158104099333286,0.07478483372149634,0.06293096371885214,0.5096774193548387,False
iou_value,EtriActivity3D,30,3D-LIME,3D-Sampled-Occl-Sens,30.0,0.00013346528664401385,0.004270889172608443,0.18205721852287848,0.16746648220064086,0.8412698412698413,True
iou_value,EtriActivity3D,30,3D-LIME,LV-LOCO,213.0,0.7000329215079546,1.0,-0.011662365472361753,0.0019288803910023009,-0.08387096774193549,False
iou_value,EtriActivity3D,30,3D-LIME,LV-Univ-Pred,166.0,0.17719271034002304,1.0,0.051598119419455184,0.055453083480302846,0.2860215053763441,False
iou_value,EtriActivity3D,30,3D-LIME,SaliencyTubes,195.0,0.4521643426269293,1.0,0.041083117911396204,0.02010700464203425,0.16129032258064516,False
iou_value,EtriActivity3D,30,3D-LIME,AOSA,125.0,0.026228994131088257,0.6032668650150299,0.10512080746709498,0.0547439389232543,0.46236559139784944,False
iou_value,EtriActivity3D,30,3D-LIME,GradCAM,159.0,0.13473508320748806,1.0,0.07091505805835152,0.04524256239358545,0.3161290322580645,False
iou_value,EtriActivity3D,30,3D-RISE,3D-Sampled-Occl-Sens,30.0,5.027385020254695e-05,0.0016590370566840495,0.10727238480138214,0.0795518256238778,0.8620689655172413,True
iou_value,EtriActivity3D,30,3D-RISE,LV-LOCO,101.0,0.00577649287879467,0.1559653077274561,-0.08644719919385811,-0.06687799238104661,-0.5655913978494623,False
iou_value,EtriActivity3D,30,3D-RISE,LV-Univ-Pred,202.0,0.5425279382616282,1.0,-0.02318671430204116,-0.01271042704977824,-0.13118279569892474,False
iou_value,EtriActivity3D,30,3D-RISE,SaliencyTubes,157.0,0.12413446232676506,1.0,-0.03370171581010013,-0.027596327515655543,-0.3247311827956989,False
iou_value,EtriActivity3D,30,3D-RISE,AOSA,180.0,0.28936620615422726,1.0,0.03033597374559865,0.01928816517408645,0.22580645161290322,False
iou_value,EtriActivity3D,30,3D-RISE,GradCAM,225.0,0.8871948085725307,1.0,-0.0038697756631448244,-0.002173396388294953,-0.03225806451612903,False
iou_value,EtriActivity3D,30,3D-Sampled-Occl-Sens,LV-LOCO,30.0,3.7904828786849976e-06,0.00012887641787528992,-0.19371958399524028,-0.15817448553134827,-0.8709677419354839,True
iou_value,EtriActivity3D,30,3D-Sampled-Occl-Sens,LV-Univ-Pred,66.0,0.00031275488436222076,0.009695401415228844,-0.13045909910342332,-0.10065816153134394,-0.7161290322580646,True
iou_value,EtriActivity3D,30,3D-Sampled-Occl-Sens,SaliencyTubes,5.0,1.862645149230957e-08,6.705522537231445e-07,-0.14097410061148227,-0.15488120505669745,-0.978494623655914,True
iou_value,EtriActivity3D,30,3D-Sampled-Occl-Sens,AOSA,53.0,0.0006361513664445838,0.018448389626892932,-0.0769364110557835,-0.00949671383076281,-0.7389162561576355,True
iou_value,EtriActivity3D,30,3D-Sampled-Occl-Sens,GradCAM,14.0,2.0489096641540527e-07,7.1711838245391846e-06,-0.11114216046452699,-0.10410358568324346,-0.9397849462365592,True
iou_value,EtriActivity3D,30,LV-LOCO,LV-Univ-Pred,156.0,0.11907656863331795,1.0,0.06326048489181693,0.07718205126210047,0.32903225806451614,False
iou_value,EtriActivity3D,30,LV-LOCO,SaliencyTubes,162.0,0.15188691951334476,1.0,0.05274548338375797,0.01945844195113531,0.3032258064516129,False
iou_value,EtriActivity3D,30,LV-LOCO,AOSA,117.0,0.016431212425231934,0.3943490982055664,0.11678317293945678,0.07980687012626994,0.4967741935483871,False
iou_value,EtriActivity3D,30,LV-LOCO,GradCAM,128.0,0.03098480962216854,0.6816658116877079,0.08257742353071329,0.06179164766631405,0.44946236559139785,False
iou_value,EtriActivity3D,30,LV-Univ-Pred,SaliencyTubes,209.0,0.6408254038542509,1.0,-0.010515001508058968,-0.004965904403729751,-0.1010752688172043,False
iou_value,EtriActivity3D,30,LV-Univ-Pred,AOSA,176.0,0.25343610532581806,1.0,0.05352268804763982,0.015280469969344351,0.24301075268817204,False
iou_value,EtriActivity3D,30,LV-Univ-Pred,GradCAM,200.0,0.5158484429121017,1.0,0.019316938638896344,0.010390798484847004,0.13978494623655913,False
iou_value,EtriActivity3D,30,SaliencyTubes,AOSA,96.0,0.004031794145703316,0.11289023607969284,0.06403768955569879,0.06493485804232221,0.5870967741935483,False
iou_value,EtriActivity3D,30,SaliencyTubes,GradCAM,102.0,0.0061949919909238815,0.16106979176402092,0.029831940146955307,0.010522214341627048,0.5612903225806452,False
iou_value,EtriActivity3D,30,AOSA,GradCAM,162.0,0.15188691951334476,1.0,-0.03420574940874347,-0.04463625482466554,-0.3032258064516129,False
iou_value,Kinetics400,30,3D-Kernel-SHAP,3D-LIME,61.0,0.7173808884143212,1.0,0.001151613276379318,0.0,0.10294117647058823,False
iou_value,Kinetics400,30,3D-Kernel-SHAP,3D-RISE,75.0,0.9433920568226559,1.0,-0.0015636665759248254,0.0,0.0196078431372549,False
iou_value,Kinetics400,30,3D-Kernel-SHAP,3D-Sampled-Occl-Sens,64.0,0.836138661741041,1.0,-0.00043909274796766657,0.0,0.058823529411764705,False
iou_value,Kinetics400,30,3D-Kernel-SHAP,LV-LOCO,163.0,0.7508834218468307,1.0,-0.005966181160713719,-3.460553631184915e-05,-0.07122507122507123,False
iou_value,Kinetics400,30,3D-Kernel-SHAP,LV-Univ-Pred,110.0,0.15776958356672988,1.0,0.010891483334914938,0.0008851882869364046,0.3230769230769231,False
iou_value,Kinetics400,30,3D-Kernel-SHAP,SaliencyTubes,168.0,0.4254511364591589,1.0,-0.00484021639522196,-0.0018809886751850497,-0.1724137931034483,False
iou_value,Kinetics400,30,3D-Kernel-SHAP,AOSA,61.0,0.4631068149666542,1.0,0.0013442467509699207,0.0,0.20261437908496732,False
iou_value,Kinetics400,30,3D-Kernel-SHAP,GradCAM,216.0,0.9741253092951518,1.0,0.0004490178124034627,-0.0008600078780155,0.006896551724137931,False
iou_value,Kinetics400,30,3D-LIME,3D-RISE,0.0,0.027707849358079864,0.8589433301004757,-0.0027152798523041428,0.0,-1.0,False
iou_value,Kinetics400,30,3D-LIME,3D-Sampled-Occl-Sens,2.0,0.5929800980174267,1.0,-0.0015907060243469837,0.0,-0.3333333333333333,False
iou_value,Kinetics400,30,3D-LIME,LV-LOCO,118.0,0.36056673509747184,1.0,-0.007117794437093035,0.0,-0.21333333333333335,False
iou_value,Kinetics400,30,3D-LIME,LV-Univ-Pred,42.0,0.010628323936509337,0.36136301384131747,0.009739870058535624,0.00013684613220600259,0.6363636363636364,False
iou_value,Kinetics400,30,3D-LIME,SaliencyTubes,125.0,0.3129702263334466,1.0,-0.005991829671601277,-0.0006297404689079502,-0.23076923076923078,False
iou_value,Kinetics400,30,3D-LIME,AOSA,21.0,0.8589549227374824,1.0,0.00019263347459060274,0.0,0.06666666666666667,False
iou_value,Kinetics400,30,3D-LIME,GradCAM,212.0,0.9053327102078165,1.0,-0.0007025954639758525,0.0003771616779867093,-0.02528735632183908,False
iou_value,Kinetics400,30,3D-RISE,3D-Sampled-Occl-Sens,6.0,0.3454475304692257,1.0,0.0011245738279571592,0.0,0.42857142857142855,False
iou_value,Kinetics400,30,3D-RISE,LV-LOCO,160.0,0.94636892512424,1.0,-0.004402514584788892,0.0,-0.015384615384615385,False
iou_value,Kinetics400,30,3D-RISE,LV-Univ-Pred,29.0,0.0015486940788951365,0.055752986840224915,0.012455149910839762,0.0014457873013117989,0.7707509881422925,False
iou_value,Kinetics400,30,3D-RISE,SaliencyTubes,145.0,0.43855341528388225,1.0,-0.0032765498192971346,0.0,-0.1737891737891738,False
iou_value,Kinetics400,30,3D-RISE,AOSA,18.0,0.18231443298387762,1.0,0.0029079133268947455,0.0,0.45454545454545453,False
iou_value,Kinetics400,30,3D-RISE,GradCAM,210.0,0.8711688268414225,1.0,0.002012684388328291,0.0005467662335185996,0.034482758620689655,False
iou_value,Kinetics400,30,3D-Sampled-Occl-Sens,LV-LOCO,139.0,0.5271827452554574,1.0,-0.005527088412746051,0.0,-0.14461538461538462,False
iou_value,Kinetics400,30,3D-Sampled-Occl-Sens,LV-Univ-Pred,56.0,0.022089328068250483,0.7068584981840155,0.011330576082882607,0.0003824780110349502,0.5573122529644269,False
iou_value,Kinetics400,30,3D-Sampled-Occl-Sens,SaliencyTubes,146.0,0.45371236574430684,1.0,-0.004401123647254293,-0.0006297404689079502,-0.16809116809116809,False
iou_value,Kinetics400,30,3D-Sampled-Occl-Sens,AOSA,24.0,0.7212766990291557,1.0,0.0017833394989375864,0.0,0.12727272727272726,False
iou_value,Kinetics400,30,3D-Sampled-Occl-Sens,GradCAM,216.0,0.9741253092951518,1.0,0.0008881105603711294,0.0003771616779867093,0.006896551724137931,False
iou_value,Kinetics400,30,LV-LOCO,LV-Univ-Pred,73.0,0.009233309555352946,0.32316583443735314,0.016857664495628664,0.007705297238448948,0.584045584045584,False
iou_value,Kinetics400,30,LV-LOCO,SaliencyTubes,157.0,0.29487572721167077,1.0,0.0011259647654917595,-0.006673321998302994,-0.22660098522167488,False
iou_value,Kinetics400,30,LV-LOCO,AOSA,136.0,0.3157546761755551,1.0,0.007310427911683638,0.0003476887854071478,0.22507122507122507,False
iou_value,Kinetics400,30,LV-LOCO,GradCAM,206.0,0.8036185216409255,1.0,0.006415198973117182,9.631163853629976e-05,0.052873563218390804,False
iou_value,Kinetics400,30,LV-Univ-Pred,SaliencyTubes,115.0,0.04508235295510379,1.0,-0.0157316997301369,-0.0100898102880577,-0.43349753694581283,False
iou_value,Kinetics400,30,LV-Univ-Pred,AOSA,68.0,0.019136708854110035,0.6315113921856311,-0.009547236583945018,-0.0008780981362776054,-0.5466666666666666,False
iou_value,Kinetics400,30,LV-Univ-Pred,GradCAM,171.0,0.3146663265696793,1.0,-0.010442465522511475,-0.009822105458742854,-0.21379310344827587,False
iou_value,Kinetics400,30,SaliencyTubes,AOSA,125.0,0.3129702263334466,1.0,0.00618446314619188,0.0006152450703514,0.23076923076923078,False
iou_value,Kinetics400,30,SaliencyTubes,GradCAM,172.0,0.32518649095806207,1.0,0.005289234207625424,0.0044331328806384625,0.20919540229885059,False
iou_value,Kinetics400,30,AOSA,GradCAM,214.0,0.9396727300650676,1.0,-0.0008952289385664558,0.0003771616779867093,-0.016091954022988506,False
bbox_energy_ratio,Overall,60,3D-Kernel-SHAP,3D-LIME,871.0,0.7460057700658305,1.0,0.022176260016082472,-0.0009872838854789664,-0.048087431693989074,False
bbox_energy_ratio,Overall,60,3D-Kernel-SHAP,3D-RISE,350.0,3.1921643823867315e-05,0.0005745895888296117,0.0772330346245629,0.038350971415638896,0.6174863387978142,True
bbox_energy_ratio,Overall,60,3D-Kernel-SHAP,3D-Sampled-Occl-Sens,49.0,1.8278611114425503e-10,6.580300001193181e-09,0.1182863212587222,0.0871423687785864,0.946448087431694,True
bbox_energy_ratio,Overall,60,3D-Kernel-SHAP,LV-LOCO,864.0,0.7073319576077102,1.0,-0.01721359840982284,0.0025648195296525955,0.05573770491803279,False
bbox_energy_ratio,Overall,60,3D-Kernel-SHAP,LV-Univ-Pred,141.0,1.2130586782650348e-08,3.6391760347951047e-07,0.07365318085746063,0.034095658455044045,0.8459016393442623,True
bbox_energy_ratio,Overall,60,3D-Kernel-SHAP,SaliencyTubes,565.0,0.0099788581850283,0.12972515640536791,-0.05358145108524091,-0.018611680716276204,-0.3825136612021858,False
bbox_energy_ratio,Overall,60,3D-Kernel-SHAP,AOSA,703.0,0.1186040324703133,1.0,-0.029307670061825775,-0.013736791908740997,-0.23169398907103825,False
bbox_energy_ratio,Overall,60,3D-Kernel-SHAP,GradCAM,506.0,0.0026047837063895097,0.03646697188945314,-0.06308923932568482,-0.047281622886657715,-0.44699453551912566,True
bbox_energy_ratio,Overall,60,3D-LIME,3D-RISE,334.0,1.8935112098172874e-05,0.0003787022419634575,0.055056774608480435,0.038811020553112,0.6349726775956284,True
bbox_energy_ratio,Overall,60,3D-LIME,3D-Sampled-Occl-Sens,53.0,2.2141376721762468e-10,7.749481852616863e-09,0.09611006124263971,0.08219730854034428,0.9420765027322404,True
bbox_energy_ratio,Overall,60,3D-LIME,LV-LOCO,842.0,0.590993401935496,1.0,-0.03938985842590532,0.003262105397880107,0.07978142076502732,False
bbox_energy_ratio,Overall,60,3D-LIME,LV-Univ-Pred,194.0,1.110075651917819e-07,3.108211825369893e-06,0.05147692084137816,0.028334962204098695,0.7879781420765027,True
bbox_energy_ratio,Overall,60,3D-LIME,SaliencyTubes,486.0,0.0015878599145679076,0.023817898718518613,-0.0757577111013234,-0.030988585203886046,-0.46885245901639344,True
bbox_energy_ratio,Overall,60,3D-LIME,AOSA,626.0,0.03337829011618602,0.3671611912780462,-0.05148393007790825,-0.007991932332515689,-0.3158469945355191,False
bbox_energy_ratio,Overall,60,3D-LIME,GradCAM,469.0,0.0010260853948778862,0.01641736631804618,-0.08526549934176728,-0.036400817334651975,-0.48743169398907105,True
bbox_energy_ratio,Overall,60,3D-RISE,3D-Sampled-Occl-Sens,184.0,3.311512103089338e-07,8.941082678341214e-06,0.04105328663415929,0.0372138023376465,0.7773744706594071,True
bbox_energy_ratio,Overall,60,3D-RISE,LV-LOCO,376.0,7.250752330598026e-05,0.0012326278962016643,-0.09444663303438575,-0.040783537551760646,-0.5890710382513661,True
bbox_energy_ratio,Overall,60,3D-RISE,LV-Univ-Pred,907.0,0.9530374737406601,1.0,-0.003579853767102267,0.006380407692631701,0.008743169398907104,False
bbox_energy_ratio,Overall,60,3D-RISE,SaliencyTubes,242.0,7.25691833707291e-07,1.8867987676389565e-05,-0.1308144857098038,-0.09907877445220947,-0.7355191256830601,True
bbox_energy_ratio,Overall,60,3D-RISE,AOSA,273.0,1.0941782552940413e-05,0.00022977743361174866,-0.10654070468638868,-0.06817838549613951,-0.6696914700544465,True
bbox_energy_ratio,Overall,60,3D-RISE,GradCAM,254.0,1.1386823936796929e-06,2.732837744831263e-05,-0.1403222739502477,-0.10390342026948927,-0.7224043715846995,True
bbox_energy_ratio,Overall,60,3D-Sampled-Occl-Sens,LV-LOCO,95.0,1.5747864485630498e-09,5.039316635401759e-08,-0.13549991966854502,-0.09514204040169716,-0.8961748633879781,True
bbox_energy_ratio,Overall,60,3D-Sampled-Occl-Sens,LV-Univ-Pred,337.0,2.0904290975741025e-05,0.00039718152853907945,-0.04463314040126155,-0.025025622686371207,-0.6316939890710382,True
bbox_energy_ratio,Overall,60,3D-Sampled-Occl-Sens,SaliencyTubes,84.0,9.505947502534508e-10,3.2320221508617326e-08,-0.17186777234396308,-0.12573600630275905,-0.9081967213114754,True
bbox_energy_ratio,Overall,60,3D-Sampled-Occl-Sens,AOSA,86.0,2.5575500851577934e-09,7.92840526398916e-08,-0.14759399132054796,-0.1070474199950695,-0.8994739918176505,True
bbox_energy_ratio,Overall,60,3D-Sampled-Occl-Sens,GradCAM,92.0,1.373119964203099e-09,4.5312958818702266e-08,-0.181375560584407,-0.13225084543228155,-0.8994535519125683,True
bbox_energy_ratio,Overall,60,LV-LOCO,LV-Univ-Pred,269.0,1.978622583245805e-06,4.550831941465351e-05,0.09086677926728348,0.02213152311742309,0.7060109289617487,True
bbox_energy_ratio,Overall,60,LV-LOCO,SaliencyTubes,667.0,0.06789884760236095,0.6789884760236096,-0.03636785267541806,-0.014110162854194704,-0.2710382513661202,False
bbox_energy_ratio,Overall,60,LV-LOCO,AOSA,729.0,0.17091859219156613,1.0,-0.012094071652002943,-0.02397793903946873,-0.20327868852459016,False
bbox_energy_ratio,Overall,60,LV-LOCO,GradCAM,601.0,0.020802862007809782,0.24963434409371738,-0.04587564091586197,-0.020228606648743104,-0.34316939890710385,False
bbox_energy_ratio,Overall,60,LV-Univ-Pred,SaliencyTubes,193.0,1.0661201979935765e-07,3.091748574181372e-06,-0.12723463194270151,-0.0923289405182004,-0.7890710382513662,True
bbox_energy_ratio,Overall,60,LV-Univ-Pred,AOSA,312.0,9.035824853365091e-06,0.000198788146774032,-0.1029608509192864,-0.05784825980663297,-0.659016393442623,True
bbox_energy_ratio,Overall,60,LV-Univ-Pred,GradCAM,251.0,1.0181154208756968e-06,2.5452885521892422e-05,-0.13674242018314545,-0.1019367119297386,-0.7256830601092896,True
bbox_energy_ratio,Overall,60,SaliencyTubes,AOSA,842.0,0.590993401935496,1.0,0.024273781023415122,0.009720139205455794,0.07978142076502732,False
bbox_energy_ratio,Overall,60,SaliencyTubes,GradCAM,748.0,0.218926479217181,1.0,-0.009507788240443911,-0.0020384788513183594,-0.1825136612021858,False
bbox_energy_ratio,Overall,60,AOSA,GradCAM,778.0,0.31319548152477983,1.0,-0.03378156926385903,-0.007594314694870251,-0.14972677595628414,False
bbox_energy_ratio,EtriActivity3D,30,3D-Kernel-SHAP,3D-LIME,213.0,0.7000329215079546,1.0,0.05430616003771623,-0.0002739029005169938,0.08387096774193549,False
bbox_energy_ratio,EtriActivity3D,30,3D-Kernel-SHAP,3D-RISE,67.0,0.0003449581563472748,0.006209246814250946,0.10361130138238271,0.041563652455806704,0.7118279569892473,True
bbox_energy_ratio,EtriActivity3D,30,3D-Kernel-SHAP,3D-Sampled-Occl-Sens,1.0,3.725290298461914e-09,1.2293457984924316e-07,0.15621611464475033,0.09221499413251874,0.9956989247311828,True
bbox_energy_ratio,EtriActivity3D,30,3D-Kernel-SHAP,LV-LOCO,191.0,0.40449450351297855,1.0,-0.04178394302725793,-0.0041510090231895586,-0.17849462365591398,False
bbox_energy_ratio,EtriActivity3D,30,3D-Kernel-SHAP,LV-Univ-Pred,16.0,3.1478703022003174e-07,9.443610906600952e-06,0.1192989087663591,0.059679850935935946,0.9311827956989247,True
bbox_energy_ratio,EtriActivity3D,30,3D-Kernel-SHAP,SaliencyTubes,89.0,0.0023674946278333664,0.035512419417500496,-0.09331936972836655,-0.06524066254496577,-0.6172043010752688,True
bbox_energy_ratio,EtriActivity3D,30,3D-Kernel-SHAP,AOSA,219.0,0.7921590935438871,1.0,-0.010421796329319477,-0.0038393498398363495,-0.05806451612903226,False
bbox_energy_ratio,EtriActivity3D,30,3D-Kernel-SHAP,GradCAM,96.0,0.004031794145703316,0.052413323894143105,-0.1052312341053039,-0.08665259648114446,-0.5870967741935483,False
bbox_energy_ratio,EtriActivity3D,30,3D-LIME,3D-RISE,56.0,0.00011058151721954346,0.0023222118616104126,0.049305141344666466,0.038811020553112,0.7591397849462366,True
bbox_energy_ratio,EtriActivity3D,30,3D-LIME,3D-Sampled-Occl-Sens,0.0,1.862645149230957e-09,6.705522537231445e-08,0.1019099546070341,0.0891730524599552,1.0,True
bbox_energy_ratio,EtriActivity3D,30,3D-LIME,LV-LOCO,170.0,0.20540969260036945,1.0,-0.09609010306497416,-0.004768610000610407,-0.26881720430107525,False
bbox_energy_ratio,EtriActivity3D,30,3D-LIME,LV-Univ-Pred,28.0,2.7623027563095093e-06,6.905756890773773e-05,0.06499274872864286,0.05380592495203014,0.8795698924731182,True
bbox_energy_ratio,EtriActivity3D,30,3D-LIME,SaliencyTubes,50.0,5.5925920605659485e-05,0.0012303702533245087,-0.14762552976608279,-0.10562711022794251,-0.7849462365591398,True
bbox_energy_ratio,EtriActivity3D,30,3D-LIME,AOSA,148.0,0.08406547829508781,0.7565893046557903,-0.06472795636703571,-0.06005785800516604,-0.3634408602150538,False
bbox_energy_ratio,EtriActivity3D,30,3D-LIME,GradCAM,61.0,0.00018860027194023132,0.003583405166864395,-0.15953739414302012,-0.10072774067521101,-0.7376344086021506,True
bbox_energy_ratio,EtriActivity3D,30,3D-RISE,3D-Sampled-Occl-Sens,39.0,1.3966113328933716e-05,0.0003351867198944092,0.052604813262367635,0.056004228070378345,0.832258064516129,True
bbox_energy_ratio,EtriActivity3D,30,3D-RISE,LV-LOCO,73.0,0.0006084088236093521,0.010342950001358986,-0.14539524440964063,-0.05455451458692551,-0.6860215053763441,True
bbox_energy_ratio,EtriActivity3D,30,3D-RISE,LV-Univ-Pred,159.0,0.13473508320748806,1.0,0.01568760738397639,0.0235069799236954,0.3161290322580645,False
bbox_energy_ratio,EtriActivity3D,30,3D-RISE,SaliencyTubes,16.0,3.1478703022003174e-07,9.443610906600952e-06,-0.19693067111074924,-0.1528238728642464,-0.9311827956989247,True
bbox_energy_ratio,EtriActivity3D,30,3D-RISE,AOSA,77.0,0.0008718203753232956,0.01394912600517273,-0.11403309771170218,-0.07646272704005236,-0.6688172043010753,True
bbox_energy_ratio,EtriActivity3D,30,3D-RISE,GradCAM,27.0,2.348795533180237e-06,6.106868386268616e-05,-0.20884253548768658,-0.14133052527904513,-0.8838709677419355,True
bbox_energy_ratio,EtriActivity3D,30,3D-Sampled-Occl-Sens,LV-LOCO,11.0,1.0244548320770264e-07,3.1758099794387817e-06,-0.19800005767200826,-0.1122653149068355,-0.9526881720430107,True
bbox_energy_ratio,EtriActivity3D,30,3D-Sampled-Occl-Sens,LV-Univ-Pred,94.0,0.003475155681371689,0.048652179539203644,-0.036917205878391236,-0.021337831160053597,-0.5956989247311828,True
bbox_energy_ratio,EtriActivity3D,30,3D-Sampled-Occl-Sens,SaliencyTubes,0.0,1.862645149230957e-09,6.705522537231445e-08,-0.24953548437311687,-0.20544550195336345,-1.0,True
bbox_energy_ratio,EtriActivity3D,30,3D-Sampled-Occl-Sens,AOSA,21.0,8.326023817062378e-07,2.248026430606842e-05,-0.1666379109740698,-0.12641941010951993,-0.9096774193548387,True
bbox_energy_ratio,EtriActivity3D,30,3D-Sampled-Occl-Sens,GradCAM,1.0,3.725290298461914e-09,1.2293457984924316e-07,-0.2614473487500542,-0.21495773270726204,-0.9956989247311828,True
bbox_energy_ratio,EtriActivity3D,30,LV-LOCO,LV-Univ-Pred,44.0,2.6885420083999634e-05,0.0006183646619319916,0.161082851793617,0.06198322772979735,0.810752688172043,True
bbox_energy_ratio,EtriActivity3D,30,LV-LOCO,SaliencyTubes,160.0,0.140283040702343,1.0,-0.051535426701108625,-0.07340856455266474,-0.3118279569892473,False
bbox_energy_ratio,EtriActivity3D,30,LV-LOCO,AOSA,225.0,0.8871948085725307,1.0,0.031362146697938444,-0.016101081389933797,0.03225806451612903,False
bbox_energy_ratio,EtriActivity3D,30,LV-LOCO,GradCAM,145.0,0.07324407435953617,0.7324407435953617,-0.06344729107804596,-0.0886860378086567,-0.3763440860215054,False
bbox_energy_ratio,EtriActivity3D,30,LV-Univ-Pred,SaliencyTubes,0.0,1.862645149230957e-09,6.705522537231445e-08,-0.21261827849472562,-0.17372612841427323,-1.0,True
bbox_energy_ratio,EtriActivity3D,30,LV-Univ-Pred,AOSA,59.0,0.0001528710126876831,0.003057420253753662,-0.12972070509567857,-0.07257571816444394,-0.7462365591397849,True
bbox_energy_ratio,EtriActivity3D,30,LV-Univ-Pred,GradCAM,17.0,3.855675458908081e-07,1.0795891284942627e-05,-0.22453014287166298,-0.2137845978140831,-0.9268817204301075,True
bbox_energy_ratio,EtriActivity3D,30,SaliencyTubes,AOSA,125.0,0.026228994131088257,0.3147479295730591,0.08289757339904706,0.0662639643996954,0.46236559139784944,False
bbox_energy_ratio,EtriActivity3D,30,SaliencyTubes,GradCAM,166.0,0.17719271034002304,1.0,-0.011911864376937349,-0.012908350676298155,-0.2860215053763441,False
bbox_energy_ratio,EtriActivity3D,30,AOSA,GradCAM,131.0,0.036434996873140335,0.4007849656045437,-0.09480943777598441,-0.11209217226132755,-0.43655913978494626,False
bbox_energy_ratio,Kinetics400,30,3D-Kernel-SHAP,3D-LIME,192.0,0.4161298982799053,1.0,-0.009953640005551285,-0.0012028068304061994,-0.17419354838709677,False
bbox_energy_ratio,Kinetics400,30,3D-Kernel-SHAP,3D-RISE,112.0,0.012047622352838516,0.26504769176244736,0.05085476786674311,0.038350971415638896,0.5182795698924731,False
bbox_energy_ratio,Kinetics400,30,3D-Kernel-SHAP,3D-Sampled-Occl-Sens,25.0,1.6838312149047852e-06,6.0617923736572266e-05,0.08035652787269404,0.0579366534948349,0.8924731182795699,True
bbox_energy_ratio,Kinetics400,30,3D-Kernel-SHAP,LV-LOCO,139.0,0.054921628907322884,0.8238244336098433,0.007356746207612245,0.004677012562751742,0.4021505376344086,False
bbox_energy_ratio,Kinetics400,30,3D-Kernel-SHAP,LV-Univ-Pred,72.0,0.0005548261106014252,0.016644783318042755,0.028007452948562172,0.014465317130088778,0.6903225806451613,True
bbox_energy_ratio,Kinetics400,30,3D-Kernel-SHAP,SaliencyTubes,220.0,0.8078304156661034,1.0,-0.013843532442115263,-0.001908617094159102,-0.053763440860215055,False
bbox_energy_ratio,Kinetics400,30,3D-Kernel-SHAP,AOSA,136.0,0.047259049490094185,0.756144791841507,-0.04819354379433207,-0.016834929585456848,-0.4150537634408602,False
bbox_energy_ratio,Kinetics400,30,3D-Kernel-SHAP,GradCAM,192.0,0.4161298982799053,1.0,-0.02094724454606574,-0.003062645788304494,-0.17419354838709677,False
bbox_energy_ratio,Kinetics400,30,3D-LIME,3D-RISE,102.0,0.0061949919909238815,0.15487479977309704,0.060808407872294384,0.0393318776041269,0.5612903225806452,False
bbox_energy_ratio,Kinetics400,30,3D-LIME,3D-Sampled-Occl-Sens,31.0,4.421919584274292e-06,0.00015476718544960022,0.09031016787824532,0.0597384721040726,0.8666666666666667,True
bbox_energy_ratio,Kinetics400,30,3D-LIME,LV-LOCO,104.0,0.007111456245183945,0.17067494988441467,0.017310386213163532,0.005518097430467543,0.5526881720430108,False
bbox_energy_ratio,Kinetics400,30,3D-LIME,LV-Univ-Pred,79.0,0.001038169488310814,0.030106915161013603,0.03796109295411346,0.025993913412094116,0.6602150537634408,True
bbox_energy_ratio,Kinetics400,30,3D-LIME,SaliencyTubes,222.0,0.8393927440047264,1.0,-0.0038898924365639805,0.0026474473997950498,0.04516129032258064,False
bbox_energy_ratio,Kinetics400,30,3D-LIME,AOSA,182.0,0.308520769700408,1.0,-0.038239903788780796,-0.0028443364426493367,-0.2172043010752688,False
bbox_energy_ratio,Kinetics400,30,3D-LIME,GradCAM,218.0,0.7765688337385654,1.0,-0.010993604540514455,0.0005870852619409526,-0.06236559139784946,False
bbox_energy_ratio,Kinetics400,30,3D-RISE,3D-Sampled-Occl-Sens,61.0,0.0021036152834240708,0.05679761265244991,0.029501760005950943,0.027535364031791715,0.6772486772486772,False
bbox_energy_ratio,Kinetics400,30,3D-RISE,LV-LOCO,121.0,0.02084985189139843,0.39614718593657017,-0.043498021659130845,-0.035584678873419755,-0.47956989247311826,False
bbox_energy_ratio,Kinetics400,30,3D-RISE,LV-Univ-Pred,184.0,0.3284698575735092,1.0,-0.022847314918180928,-0.02637565135955809,-0.2086021505376344,False
bbox_energy_ratio,Kinetics400,30,3D-RISE,SaliencyTubes,127.0,0.029325857758522034,0.4985395818948746,-0.06469830030885836,-0.0394221525639296,-0.45376344086021503,False
bbox_energy_ratio,Kinetics400,30,3D-RISE,AOSA,62.0,0.002279477705762251,0.05926642034981852,-0.09904831166107518,-0.05354128777980803,-0.671957671957672,False
bbox_energy_ratio,Kinetics400,30,3D-RISE,GradCAM,119.0,0.018529480323195457,0.37058960646390915,-0.07180201241280884,-0.04989549517631532,-0.4881720430107527,False
bbox_energy_ratio,Kinetics400,30,3D-Sampled-Occl-Sens,LV-LOCO,40.0,1.597777009010315e-05,0.0005432441830635071,-0.0729997816650818,-0.05769088864326474,-0.8279569892473119,True
bbox_energy_ratio,Kinetics400,30,3D-Sampled-Occl-Sens,LV-Univ-Pred,79.0,0.001038169488310814,0.030106915161013603,-0.05234907492413187,-0.029514960944652606,-0.6602150537634408,True
bbox_energy_ratio,Kinetics400,30,3D-Sampled-Occl-Sens,SaliencyTubes,69.0,0.0004183966666460037,0.012970296666026115,-0.09420006031480929,-0.0364289656281472,-0.7032258064516129,True
bbox_energy_ratio,Kinetics400,30,3D-Sampled-Occl-Sens,AOSA,26.0,5.5648397659557105e-05,0.0018363971227653845,-0.12855007166702612,-0.09274978935718536,-0.8719211822660099,True
bbox_energy_ratio,Kinetics400,30,3D-Sampled-Occl-Sens,GradCAM,67.0,0.0003449581563472748,0.011038661003112793,-0.10130377241875978,-0.0495491698384285,-0.7118279569892473,True
bbox_energy_ratio,Kinetics400,30,LV-LOCO,LV-Univ-Pred,114.0,0.013663241639733315,0.2869280744343996,0.020650706740949924,0.005704641342163072,0.5096774193548387,False
bbox_energy_ratio,Kinetics400,30,LV-LOCO,SaliencyTubes,201.0,0.5291051845997572,1.0,-0.02120027864972751,-0.003325176890939502,-0.13548387096774195,False
bbox_energy_ratio,Kinetics400,30,LV-LOCO,AOSA,125.0,0.026228994131088257,0.4721218943595886,-0.05555029000194432,-0.024643644690513583,-0.46236559139784944,False
bbox_energy_ratio,Kinetics400,30,LV-LOCO,GradCAM,176.0,0.25343610532581806,1.0,-0.028303990753677986,-0.006914421916007982,-0.24301075268817204,False
bbox_energy_ratio,Kinetics400,30,LV-Univ-Pred,SaliencyTubes,158.0,0.12935307621955872,1.0,-0.041850985390677435,-0.005396053194999709,-0.3204301075268817,False
bbox_energy_ratio,Kinetics400,30,LV-Univ-Pred,AOSA,107.0,0.008705463260412216,0.20022565498948097,-0.07620099674289425,-0.023629665374755873,-0.5397849462365591,False
bbox_energy_ratio,Kinetics400,30,LV-Univ-Pred,GradCAM,149.0,0.08793856762349606,1.0,-0.048954697494627906,-0.008602462330600205,-0.35913978494623655,False
bbox_energy_ratio,Kinetics400,30,SaliencyTubes,AOSA,142.0,0.0635564886033535,0.889790840446949,-0.03435001135221682,-0.040220022201538086,-0.38924731182795697,False
bbox_energy_ratio,Kinetics400,30,SaliencyTubes,GradCAM,229.0,0.9515264742076397,1.0,-0.007103712103950474,0.0016739049460738997,-0.015053763440860216,False
bbox_energy_ratio,Kinetics400,30,AOSA,GradCAM,159.0,0.13473508320748806,1.0,0.027246299248266336,0.026650846004486084,0.3161290322580645,False
temporal_consistency,Overall,60,3D-Kernel-SHAP,3D-LIME,433.0,0.0003877371563094739,0.004265108719404213,-0.007672645648320531,-0.004419058561325129,-0.526775956284153,True
temporal_consistency,Overall,60,3D-Kernel-SHAP,3D-RISE,0.0,1.6295557943119345e-11,5.866400859522965e-10,0.4893131367241343,0.4803217947483063,1.0,True
temporal_consistency,Overall,60,3D-Kernel-SHAP,3D-Sampled-Occl-Sens,0.0,1.6295557943119345e-11,5.866400859522965e-10,0.9270838974936244,0.964326502638869,1.0,True
temporal_consistency,Overall,60,3D-Kernel-SHAP,LV-LOCO,366.0,5.310583992387359e-05,0.0006372700790864831,0.012318486968676256,0.008429348468780518,0.6,True
temporal_consistency,Overall,60,3D-Kernel-SHAP,LV-Univ-Pred,246.0,8.439815109684882e-07,1.1815741153558835e-05,-0.012708510955174779,-0.010448694229126088,-0.7311475409836066,True
temporal_consistency,Overall,60,3D-Kernel-SHAP,SaliencyTubes,151.0,1.8629980589316482e-08,3.353396506076967e-07,-0.039096314708391824,-0.028232485055923295,-0.8349726775956284,True
temporal_consistency,Overall,60,3D-Kernel-SHAP,AOSA,824.0,0.5029177955295423,1.0,0.0038813710212707614,0.00014591217041021176,0.0994535519125683,False
temporal_consistency,Overall,60,3D-Kernel-SHAP,GradCAM,842.0,0.590993401935496,1.0,-0.002438085277875259,-0.005705296993255504,-0.07978142076502732,False
temporal_consistency,Overall,60,3D-LIME,3D-RISE,0.0,1.6295557943119345e-11,5.866400859522965e-10,0.4969857823724548,0.493039146065712,1.0,True
temporal_consistency,Overall,60,3D-LIME,3D-Sampled-Occl-Sens,0.0,1.6295557943119345e-11,5.866400859522965e-10,0.934756543141945,0.9662183276377618,1.0,True
temporal_consistency,Overall,60,3D-LIME,LV-LOCO,165.0,3.3668796201260914e-08,5.723695354214356e-07,0.019991132616996785,0.019632548093796,0.819672131147541,True
temporal_consistency,Overall,60,3D-LIME,LV-Univ-Pred,615.0,0.027210767781831027,0.2270321604190788,-0.005035865306854248,-0.004389077425003052,-0.32786885245901637,False
temporal_consistency,Overall,60,3D-LIME,SaliencyTubes,194.0,1.110075651917819e-07,1.6651134778767285e-06,-0.0314236690600713,-0.023942291736602783,-0.7879781420765027,True
temporal_consistency,Overall,60,3D-LIME,AOSA,627.0,0.0339941002108636,0.23795870147604517,0.011554016669591292,0.0054654777050018866,0.31475409836065577,False
temporal_consistency,Overall,60,3D-LIME,GradCAM,905.0,0.9413159156405683,1.0,0.005234560370445272,-0.0011764168739317737,0.01092896174863388,False
temporal_consistency,Overall,60,3D-RISE,3D-Sampled-Occl-Sens,68.0,4.509772286257968e-10,9.470521801141732e-09,0.4377707607694902,0.50084581784904,0.9256830601092896,True
temporal_consistency,Overall,60,3D-RISE,LV-LOCO,0.0,1.6295557943119345e-11,5.866400859522965e-10,-0.476994649755458,-0.4790468961000443,-1.0,True
temporal_consistency,Overall,60,3D-RISE,LV-Univ-Pred,0.0,1.6295557943119345e-11,5.866400859522965e-10,-0.502021647679309,-0.5121807605028152,-1.0,True
temporal_consistency,Overall,60,3D-RISE,SaliencyTubes,0.0,1.6295557943119345e-11,5.866400859522965e-10,-0.5284094514325262,-0.5469059199094773,-1.0,True
temporal_consistency,Overall,60,3D-RISE,AOSA,0.0,1.6295557943119345e-11,5.866400859522965e-10,-0.48543176570286356,-0.445468932390213,-1.0,True
temporal_consistency,Overall,60,3D-RISE,GradCAM,0.0,1.6295557943119345e-11,5.866400859522965e-10,-0.49175122200200955,-0.47505320608615875,-1.0,True
temporal_consistency,Overall,60,3D-Sampled-Occl-Sens,LV-LOCO,0.0,1.6295557943119345e-11,5.866400859522965e-10,-0.9147654105249482,-0.9551611802307889,-1.0,True
temporal_consistency,Overall,60,3D-Sampled-Occl-Sens,LV-Univ-Pred,0.0,1.6295557943119345e-11,5.866400859522965e-10,-0.9397924084487992,-0.9721871698275208,-1.0,True
temporal_consistency,Overall,60,3D-Sampled-Occl-Sens,SaliencyTubes,0.0,1.6295557943119345e-11,5.866400859522965e-10,-0.9661802122020162,-0.987718228250742,-1.0,True
temporal_consistency,Overall,60,3D-Sampled-Occl-Sens,AOSA,0.0,1.6295557943119345e-11,5.866400859522965e-10,-0.9232025264723537,-0.945148753002286,-1.0,True
temporal_consistency,Overall,60,3D-Sampled-Occl-Sens,GradCAM,1.0,1.7141493981716166e-11,5.866400859522965e-10,-0.9295219827714997,-0.9617148349061609,-0.9989071038251366,True
temporal_consistency,Overall,60,LV-LOCO,LV-Univ-Pred,125.0,6.0392812576580876e-09,1.1474634389550367e-07,-0.025026997923851036,-0.02384850382804865,-0.8633879781420765,True
temporal_consistency,Overall,60,LV-LOCO,SaliencyTubes,102.0,2.1641214402421174e-09,4.328242880484235e-08,-0.05141480167706809,-0.0522316992282868,-0.8885245901639345,True
temporal_consistency,Overall,60,LV-LOCO,AOSA,627.0,0.0339941002108636,0.23795870147604517,-0.008437115947405493,-0.011135369539260809,-0.31475409836065577,False
temporal_consistency,Overall,60,LV-LOCO,GradCAM,611.0,0.025225795602119867,0.2270321604190788,-0.014756572246551514,-0.016858071088790783,-0.33224043715846996,False
temporal_consistency,Overall,60,LV-Univ-Pred,SaliencyTubes,287.0,3.7807163505791815e-06,4.914931255752936e-05,-0.026387803753217053,-0.016557574272155706,-0.6863387978142077,True
temporal_consistency,Overall,60,LV-Univ-Pred,AOSA,445.0,0.0005402688554514012,0.005402688554514012,0.01658988197644554,0.008577287197113037,0.5136612021857924,True
temporal_consistency,Overall,60,LV-Univ-Pred,GradCAM,788.0,0.3498276834612277,1.0,0.01027042567729952,0.0018079578876496472,0.13879781420765028,False
temporal_consistency,Overall,60,SaliencyTubes,AOSA,179.0,6.022231695890444e-08,9.63557071342471e-07,0.04297768572966259,0.023990690708160345,0.8043715846994536,True
temporal_consistency,Overall,60,SaliencyTubes,GradCAM,25.0,5.6837490810140504e-11,1.2504247978230912e-09,0.03665822943051657,0.025572925806045532,0.9726775956284153,True
temporal_consistency,Overall,60,AOSA,GradCAM,816.0,0.46612480864340766,1.0,-0.00631945629914602,-0.004435926675796398,-0.10819672131147541,False
temporal_consistency,EtriActivity3D,30,3D-Kernel-SHAP,3D-LIME,184.0,0.3284698575735092,1.0,-0.0006258348623911762,-0.0014175176620483398,-0.2086021505376344,False
temporal_consistency,EtriActivity3D,30,3D-Kernel-SHAP,3D-RISE,0.0,1.862645149230957e-09,6.705522537231445e-08,0.48190607664485774,0.40536010265350336,1.0,True
temporal_consistency,EtriActivity3D,30,3D-Kernel-SHAP,3D-Sampled-Occl-Sens,0.0,1.862645149230957e-09,6.705522537231445e-08,0.9348170046772187,0.9782768203876913,1.0,True
temporal_consistency,EtriActivity3D,30,3D-Kernel-SHAP,LV-LOCO,19.0,5.718320608139038e-07,1.200847327709198e-05,0.018797061840693154,0.010209798812866211,0.9182795698924732,True
temporal_consistency,EtriActivity3D,30,3D-Kernel-SHAP,LV-Univ-Pred,78.0,0.0009517744183540344,0.011421293020248413,-0.008582071463267034,-0.006037950515747181,-0.6645161290322581,True
temporal_consistency,EtriActivity3D,30,3D-Kernel-SHAP,SaliencyTubes,94.0,0.003475155681371689,0.02780124545097351,-0.011279102166493749,-0.008988499641418402,-0.5956989247311828,True
temporal_consistency,EtriActivity3D,30,3D-Kernel-SHAP,AOSA,216.0,0.7456546742469072,1.0,-0.0008656899134317997,-0.003919243812561035,-0.07096774193548387,False
temporal_consistency,EtriActivity3D,30,3D-Kernel-SHAP,GradCAM,60.0,0.00016989745199680328,0.002378564327955246,0.03521290620168051,0.018761456012725775,0.7419354838709677,True
temporal_consistency,EtriActivity3D,30,3D-LIME,3D-RISE,0.0,1.862645149230957e-09,6.705522537231445e-08,0.4825319115072489,0.4123755395412445,1.0,True
temporal_consistency,EtriActivity3D,30,3D-LIME,3D-Sampled-Occl-Sens,0.0,1.862645149230957e-09,6.705522537231445e-08,0.9354428395396098,0.9771838039159776,1.0,True
temporal_consistency,EtriActivity3D,30,3D-LIME,LV-LOCO,29.0,3.2391399145126343e-06,6.154365837574005e-05,0.019422896703084332,0.01587605476379389,0.875268817204301,True
temporal_consistency,EtriActivity3D,30,3D-LIME,LV-Univ-Pred,85.0,0.001718590036034584,0.017416121438145638,-0.007956236600875858,-0.0050949752330780584,-0.6344086021505376,True
temporal_consistency,EtriActivity3D,30,3D-LIME,SaliencyTubes,89.0,0.0023674946278333664,0.021307451650500298,-0.010653267304102572,-0.010407179594039806,-0.6172043010752688,True
temporal_consistency,EtriActivity3D,30,3D-LIME,AOSA,220.0,0.8078304156661034,1.0,-0.0002398550510406235,-0.0019384622573851984,-0.053763440860215055,False
temporal_consistency,EtriActivity3D,30,3D-LIME,GradCAM,57.0,0.00012333691120147705,0.0018500536680221558,0.035838741064071686,0.017630457878112793,0.7548387096774194,True
temporal_consistency,EtriActivity3D,30,3D-RISE,3D-Sampled-Occl-Sens,29.0,3.2391399145126343e-06,6.154365837574005e-05,0.452910928032361,0.5520198522135615,0.875268817204301,True
temporal_consistency,EtriActivity3D,30,3D-RISE,LV-LOCO,0.0,1.862645149230957e-09,6.705522537231445e-08,-0.46310901480416455,-0.40762013196945196,-1.0,True
temporal_consistency,EtriActivity3D,30,3D-RISE,LV-Univ-Pred,0.0,1.862645149230957e-09,6.705522537231445e-08,-0.49048814810812474,-0.41893279552459717,-1.0,True
temporal_consistency,EtriActivity3D,30,3D-RISE,SaliencyTubes,0.0,1.862645149230957e-09,6.705522537231445e-08,-0.49318517881135143,-0.4265140891075134,-1.0,True
temporal_consistency,EtriActivity3D,30,3D-RISE,AOSA,0.0,1.862645149230957e-09,6.705522537231445e-08,-0.4827717665582895,-0.42626485228538513,-1.0,True
temporal_consistency,EtriActivity3D,30,3D-RISE,GradCAM,0.0,1.862645149230957e-09,6.705522537231445e-08,-0.44669317044317725,-0.39285406470298767,-1.0,True
temporal_consistency,EtriActivity3D,30,3D-Sampled-Occl-Sens,LV-LOCO,0.0,1.862645149230957e-09,6.705522537231445e-08,-0.9160199428365255,-0.9693718054331839,-1.0,True
temporal_consistency,EtriActivity3D,30,3D-Sampled-Occl-Sens,LV-Univ-Pred,0.0,1.862645149230957e-09,6.705522537231445e-08,-0.9433990761404857,-0.9862414518138393,-1.0,True
temporal_consistency,EtriActivity3D,30,3D-Sampled-Occl-Sens,SaliencyTubes,0.0,1.862645149230957e-09,6.705522537231445e-08,-0.9460961068437125,-0.9940003211377189,-1.0,True
temporal_consistency,EtriActivity3D,30,3D-Sampled-Occl-Sens,AOSA,0.0,1.862645149230957e-09,6.705522537231445e-08,-0.9356826945906505,-0.9733572517288849,-1.0,True
temporal_consistency,EtriActivity3D,30,3D-Sampled-Occl-Sens,GradCAM,1.0,3.725290298461914e-09,8.568167686462402e-08,-0.8996040984755382,-0.9522312673507258,-0.9956989247311828,True
temporal_consistency,EtriActivity3D,30,LV-LOCO,LV-Univ-Pred,23.0,1.1920928955078125e-06,2.384185791015625e-05,-0.02737913330396019,-0.01654046773910528,-0.9010752688172043,True
temporal_consistency,EtriActivity3D,30,LV-LOCO,SaliencyTubes,52.0,7.056817412376404e-05,0.0011290907859802246,-0.030076164007186903,-0.01879230141639704,-0.7763440860215054,True
temporal_consistency,EtriActivity3D,30,LV-LOCO,AOSA,99.0,0.0050126127898693085,0.03508828952908516,-0.019662751754124956,-0.015266656875610463,-0.5741935483870968,True
temporal_consistency,EtriActivity3D,30,LV-LOCO,GradCAM,175.0,0.24494642950594425,1.0,0.01641584436098735,0.007060259580612127,0.24731182795698925,False
temporal_consistency,EtriActivity3D,30,LV-Univ-Pred,SaliencyTubes,183.0,0.31839608028531075,1.0,-0.0026970307032267143,-0.0017838776111603893,-0.2129032258064516,False
temporal_consistency,EtriActivity3D,30,LV-Univ-Pred,AOSA,107.0,0.008705463260412216,0.0522327795624733,0.007716381549835235,0.006268739700317383,0.5397849462365591,False
temporal_consistency,EtriActivity3D,30,LV-Univ-Pred,GradCAM,34.0,6.917864084243774e-06,0.00011760368943214417,0.04379497766494754,0.035724312067031805,0.853763440860215,True
temporal_consistency,EtriActivity3D,30,SaliencyTubes,AOSA,84.0,0.0015832837671041489,0.017416121438145638,0.010413412253061948,0.010393679141998402,0.6387096774193548,True
temporal_consistency,EtriActivity3D,30,SaliencyTubes,GradCAM,11.0,1.0244548320770264e-07,2.253800630569458e-06,0.046492008368174256,0.03419801592826843,0.9526881720430107,True
temporal_consistency,EtriActivity3D,30,AOSA,GradCAM,69.0,0.0004183966666460037,0.005439156666398048,0.036078596115112306,0.028378069400787298,0.7032258064516129,True
temporal_consistency,Kinetics400,30,3D-Kernel-SHAP,3D-LIME,49.0,4.968419671058655e-05,0.0005962103605270386,-0.014719456434249885,-0.018348664045333973,-0.789247311827957,True
temporal_consistency,Kinetics400,30,3D-Kernel-SHAP,3D-RISE,0.0,1.862645149230957e-09,6.705522537231445e-08,0.49672019680341084,0.5049835741519928,1.0,True
temporal_consistency,Kinetics400,30,3D-Kernel-SHAP,3D-Sampled-Occl-Sens,0.0,1.862645149230957e-09,6.705522537231445e-08,0.9193507903100302,0.9499067300930619,1.0,True
temporal_consistency,Kinetics400,30,3D-Kernel-SHAP,LV-LOCO,168.0,0.19092952087521553,0.7637180835008621,0.005839912096659353,0.0036650896072387695,0.27741935483870966,False
temporal_consistency,Kinetics400,30,3D-Kernel-SHAP,LV-Univ-Pred,48.0,4.4075772166252136e-05,0.0005729850381612778,-0.01683495044708252,-0.01766553521156311,-0.7935483870967742,True
temporal_consistency,Kinetics400,30,3D-Kernel-SHAP,SaliencyTubes,6.0,2.60770320892334e-08,5.21540641784668e-07,-0.06691352725028991,-0.06441923975944519,-0.9741935483870968,True
temporal_consistency,Kinetics400,30,3D-Kernel-SHAP,AOSA,193.0,0.42795460671186447,1.0,0.008628431955973322,0.015956372022628562,0.16989247311827957,False
temporal_consistency,Kinetics400,30,3D-Kernel-SHAP,GradCAM,56.0,0.00011058151721954346,0.0011058151721954346,-0.04008907675743103,-0.042741686105728205,-0.7591397849462366,True
temporal_consistency,Kinetics400,30,3D-LIME,3D-RISE,0.0,1.862645149230957e-09,6.705522537231445e-08,0.5114396532376607,0.5279553681612015,1.0,True
temporal_consistency,Kinetics400,30,3D-LIME,3D-Sampled-Occl-Sens,0.0,1.862645149230957e-09,6.705522537231445e-08,0.9340702467442801,0.9533710312098265,1.0,True
temporal_consistency,Kinetics400,30,3D-LIME,LV-LOCO,54.0,8.856505155563354e-05,0.000974215567111969,0.020559368530909238,0.024770081043243353,0.7677419354838709,True
temporal_consistency,Kinetics400,30,3D-LIME,LV-Univ-Pred,202.0,0.5425279382616282,1.0,-0.002115494012832638,0.0005529522895813543,-0.13118279569892474,False
temporal_consistency,Kinetics400,30,3D-LIME,SaliencyTubes,13.0,1.6391277313232422e-07,2.950429916381836e-06,-0.05219407081604002,-0.05338215827941889,-0.9440860215053763,True
temporal_consistency,Kinetics400,30,3D-LIME,AOSA,101.0,0.00577649287879467,0.02888246439397335,0.02334788839022321,0.018949419260025024,0.5655913978494623,True
temporal_consistency,Kinetics400,30,3D-LIME,GradCAM,85.0,0.001718590036034584,0.013748720288276672,-0.025369620323181137,-0.027672201395034846,-0.6344086021505376,True
temporal_consistency,Kinetics400,30,3D-RISE,3D-Sampled-Occl-Sens,4.0,1.30385160446167e-08,2.738088369369507e-07,0.42263059350661936,0.4512704014778136,0.9827956989247312,True
temporal_consistency,Kinetics400,30,3D-RISE,LV-LOCO,0.0,1.862645149230957e-09,6.705522537231445e-08,-0.4908802847067515,-0.5061030089855194,-1.0,True
temporal_consistency,Kinetics400,30,3D-RISE,LV-Univ-Pred,0.0,1.862645149230957e-09,6.705522537231445e-08,-0.5135551472504933,-0.5300250053405763,-1.0,True
temporal_consistency,Kinetics400,30,3D-RISE,SaliencyTubes,0.0,1.862645149230957e-09,6.705522537231445e-08,-0.5636337240537007,-0.594384178519249,-1.0,True
temporal_consistency,Kinetics400,30,3D-RISE,AOSA,0.0,1.862645149230957e-09,6.705522537231445e-08,-0.48809176484743755,-0.5115316957235336,-1.0,True
temporal_consistency,Kinetics400,30,3D-RISE,GradCAM,0.0,1.862645149230957e-09,6.705522537231445e-08,-0.5368092735608418,-0.5668554157018663,-1.0,True
temporal_consistency,Kinetics400,30,3D-Sampled-Occl-Sens,LV-LOCO,0.0,1.862645149230957e-09,6.705522537231445e-08,-0.9135108782133708,-0.9334310884587467,-1.0,True
temporal_consistency,Kinetics400,30,3D-Sampled-Occl-Sens,LV-Univ-Pred,0.0,1.862645149230957e-09,6.705522537231445e-08,-0.9361857407571127,-0.9666593950241804,-1.0,True
temporal_consistency,Kinetics400,30,3D-Sampled-Occl-Sens,SaliencyTubes,0.0,1.862645149230957e-09,6.705522537231445e-08,-0.9862643175603201,-0.9817191511392593,-1.0,True
temporal_consistency,Kinetics400,30,3D-Sampled-Occl-Sens,AOSA,0.0,1.862645149230957e-09,6.705522537231445e-08,-0.9107223583540569,-0.9263279065489769,-1.0,True
temporal_consistency,Kinetics400,30,3D-Sampled-Occl-Sens,GradCAM,0.0,1.862645149230957e-09,6.705522537231445e-08,-0.9594398670674612,-0.9680807599797844,-1.0,True
temporal_consistency,Kinetics400,30,LV-LOCO,LV-Univ-Pred,39.0,1.3966113328933716e-05,0.00020949169993400574,-0.02267486254374188,-0.025781512260437067,-0.832258064516129,True
temporal_consistency,Kinetics400,30,LV-LOCO,SaliencyTubes,9.0,6.146728992462158e-08,1.16787850856781e-06,-0.07275343934694926,-0.0850931704044342,-0.9612903225806452,True
temporal_consistency,Kinetics400,30,LV-LOCO,AOSA,214.0,0.7151329666376114,1.0,0.0027885198593139687,-0.0006050169467927136,-0.07956989247311828,False
temporal_consistency,Kinetics400,30,LV-LOCO,GradCAM,47.0,3.904104232788086e-05,0.000546574592590332,-0.04592898885409037,-0.0482660830020904,-0.7978494623655914,True
temporal_consistency,Kinetics400,30,LV-Univ-Pred,SaliencyTubes,18.0,4.7124922275543213e-07,7.539987564086914e-06,-0.05007857680320738,-0.05206596851348866,-0.9225806451612903,True
temporal_consistency,Kinetics400,30,LV-Univ-Pred,AOSA,95.0,0.0037444327026605606,0.022466596215963364,0.025463382403055845,0.027099579572677668,0.5913978494623656,True
temporal_consistency,Kinetics400,30,LV-Univ-Pred,GradCAM,92.0,0.0029870010912418365,0.020909007638692856,-0.0232541263103485,-0.020456522703170776,-0.6043010752688172,True
temporal_consistency,Kinetics400,30,SaliencyTubes,AOSA,15.0,2.551823854446411e-07,4.338100552558899e-06,0.07554195920626322,0.078412115573883,0.9354838709677419,True
temporal_consistency,Kinetics400,30,SaliencyTubes,GradCAM,1.0,3.725290298461914e-09,8.195638656616211e-08,0.026824450492858882,0.01875969767570501,0.9956989247311828,True
temporal_consistency,Kinetics400,30,AOSA,GradCAM,58.0,0.00013739429414272308,0.0012365486472845078,-0.048717508713404335,-0.047841548919677734,-0.7505376344086021,True
sparsity_80,Overall,60,3D-Kernel-SHAP,3D-LIME,736.0,0.18759507374323436,1.0,-0.04934438705444335,0.026227378845214866,0.19562841530054645,False
sparsity_80,Overall,60,3D-Kernel-SHAP,3D-RISE,818.0,0.4751805002284377,1.0,-0.06671531034975635,0.014029526223941713,0.10601092896174863,False
sparsity_80,Overall,60,3D-Kernel-SHAP,3D-Sampled-Occl-Sens,908.0,0.9589022241229527,1.0,0.019221372015497434,-0.009690271853652066,0.007650273224043716,False
sparsity_80,Overall,60,3D-Kernel-SHAP,LV-LOCO,840.0,0.5808659858919343,1.0,-0.024344202677408854,-0.018558597564697243,-0.08196721311475409,False
sparsity_80,Overall,60,3D-Kernel-SHAP,LV-Univ-Pred,648.0,0.04935084567382354,0.5428593024120589,-0.11059097290039062,-0.023601245880126964,-0.29180327868852457,False
sparsity_80,Overall,60,3D-Kernel-SHAP,SaliencyTubes,134.0,8.955437885807495e-09,2.2388594714518737e-07,0.2818281057145861,0.3208087285359701,0.853551912568306,True
sparsity_80,Overall,60,3D-Kernel-SHAP,AOSA,508.0,0.002733918005830254,0.04100877008745381,0.14698669161823175,0.0487789621158522,0.4448087431693989,True
sparsity_80,Overall,60,3D-Kernel-SHAP,GradCAM,36.0,9.745376089158193e-11,2.728705304964294e-09,0.460211352242364,0.5444026947021485,0.9606557377049181,True
sparsity_80,Overall,60,3D-LIME,3D-RISE,598.0,0.019615201194950416,0.235382414339405,-0.017370923295313,-0.020882625969088797,-0.346448087431694,False
sparsity_80,Overall,60,3D-LIME,3D-Sampled-Occl-Sens,788.0,0.3498276834612277,1.0,0.06856575906994081,-0.035180583217267525,-0.13879781420765028,False
sparsity_80,Overall,60,3D-LIME,LV-LOCO,571.0,0.011328744606644394,0.14727367988637713,0.025000184377034506,-0.03921527862548829,-0.37595628415300547,False
sparsity_80,Overall,60,3D-LIME,LV-Univ-Pred,172.0,4.5087165543101235e-08,1.0370048074913284e-06,-0.06124658584594727,-0.057433128356933594,-0.8120218579234972,True
sparsity_80,Overall,60,3D-LIME,SaliencyTubes,26.0,5.970871816020806e-11,1.7912615448062419e-09,0.3311724927690295,0.3929122606913249,0.9715846994535519,True
sparsity_80,Overall,60,3D-LIME,AOSA,326.0,1.4510938867503461e-05,0.00027570783848256575,0.1963310786726751,0.2140716481370991,0.6437158469945355,True
sparsity_80,Overall,60,3D-LIME,GradCAM,0.0,1.6295557943119345e-11,5.866400859522965e-10,0.5095557392968072,0.5199483553568522,1.0,True
sparsity_80,Overall,60,3D-RISE,3D-Sampled-Occl-Sens,880.0,0.796671651975357,1.0,0.08593668236525381,-0.016875981161695475,-0.03825136612021858,False
sparsity_80,Overall,60,3D-RISE,LV-LOCO,672.0,0.07363583005769916,0.6627224705192925,0.0423711076723475,-0.02918740097357303,-0.26557377049180325,False
sparsity_80,Overall,60,3D-RISE,LV-Univ-Pred,328.0,1.5514005918410463e-05,0.00027925210653138833,-0.04387566255063428,-0.055481550644855104,-0.6415300546448087,True
sparsity_80,Overall,60,3D-RISE,SaliencyTubes,17.0,3.8245657805744056e-11,1.1856153919780658e-09,0.3485434160643424,0.38665630314625854,0.9814207650273225,True
sparsity_80,Overall,60,3D-RISE,AOSA,301.0,6.183255032990185e-06,0.0001236651006598037,0.21370200196798805,0.19820398862670072,0.6710382513661202,True
sparsity_80,Overall,60,3D-RISE,GradCAM,0.0,1.6295557943119345e-11,5.866400859522965e-10,0.5269266625921202,0.5431600765306122,1.0,True
sparsity_80,Overall,60,3D-Sampled-Occl-Sens,LV-LOCO,851.0,0.6375389112223651,1.0,-0.0435655746929063,-0.0004985500916581001,-0.06994535519125683,False
sparsity_80,Overall,60,3D-Sampled-Occl-Sens,LV-Univ-Pred,649.0,0.05020814455651104,0.5428593024120589,-0.12981234491588808,-0.017490046963773986,-0.2907103825136612,False
sparsity_80,Overall,60,3D-Sampled-Occl-Sens,SaliencyTubes,244.0,7.826869372048426e-07,1.6436425681301694e-05,0.2626067336990886,0.35848209175497125,0.7333333333333333,True
sparsity_80,Overall,60,3D-Sampled-Occl-Sens,AOSA,534.0,0.005035237961382342,0.0704933314593528,0.12776531960273427,0.04994822072458793,0.4163934426229508,False
sparsity_80,Overall,60,3D-Sampled-Occl-Sens,GradCAM,52.0,2.1106868421131569e-10,5.698854473705523e-09,0.44098998022686636,0.5407836722429356,0.9431693989071038,True
sparsity_80,Overall,60,LV-LOCO,LV-Univ-Pred,786.0,0.3422917565444237,1.0,-0.08624677022298176,-0.011094665527343728,-0.14098360655737704,False
sparsity_80,Overall,60,LV-LOCO,SaliencyTubes,146.0,1.5042966927055902e-08,3.6103120624934165e-07,0.30617230839199494,0.3779095013936361,0.8404371584699454,True
sparsity_80,Overall,60,LV-LOCO,AOSA,391.0,0.000114562062653864,0.001947555065115688,0.17133089429564055,0.11286929707948856,0.5726775956284152,True
sparsity_80,Overall,60,LV-LOCO,GradCAM,28.0,6.588314111064e-11,1.9106110922085602e-09,0.4845555549197727,0.5567086219787598,0.9693989071038251,True
sparsity_80,Overall,60,LV-Univ-Pred,SaliencyTubes,7.0,2.3197477000866613e-11,7.423192640277316e-10,0.3924190786149767,0.4297479629516602,0.9923497267759562,True
sparsity_80,Overall,60,LV-Univ-Pred,AOSA,179.0,6.022231695890444e-08,1.3248909730958977e-06,0.25757766451862235,0.2527219700975483,0.8043715846994536,True
sparsity_80,Overall,60,LV-Univ-Pred,GradCAM,0.0,1.6295557943119345e-11,5.866400859522965e-10,0.5708023251427545,0.5906020482381185,1.0,True
sparsity_80,Overall,60,SaliencyTubes,AOSA,447.0,0.000570573238333362,0.009129171813333793,-0.13484141409635433,-0.11103532233205785,-0.5114754098360655,True
sparsity_80,Overall,60,SaliencyTubes,GradCAM,6.0,2.2059707532770726e-11,7.27970348581434e-10,0.17838324652777782,0.13486328124999997,0.9934426229508196,True
sparsity_80,Overall,60,AOSA,GradCAM,88.0,1.1429726269354546e-09,2.971728830032182e-08,0.31322466062413223,0.32432155479379254,0.9038251366120219,True
sparsity_80,EtriActivity3D,30,3D-Kernel-SHAP,3D-LIME,230.0,0.9676735773682594,1.0,-0.08715619405110676,0.016564083099365245,0.010752688172043012,False
sparsity_80,EtriActivity3D,30,3D-Kernel-SHAP,3D-RISE,224.0,0.871207794174552,1.0,-0.08785630388324762,0.03889927572133589,0.03655913978494624,False
sparsity_80,EtriActivity3D,30,3D-Kernel-SHAP,3D-Sampled-Occl-Sens,149.0,0.08793856762349606,0.7035085409879684,0.12934673117693027,0.07657984983602911,0.35913978494623655,False
sparsity_80,EtriActivity3D,30,3D-Kernel-SHAP,LV-LOCO,202.0,0.5425279382616282,1.0,0.02863868713378907,0.0012489318847656028,0.13118279569892474,False
sparsity_80,EtriActivity3D,30,3D-Kernel-SHAP,LV-Univ-Pred,98.0,0.00466480478644371,0.07930168136954308,-0.16586828867594405,-0.04997377395629882,-0.578494623655914,False
sparsity_80,EtriActivity3D,30,3D-Kernel-SHAP,SaliencyTubes,56.0,0.00011058151721954346,0.0023222118616104126,0.3011613761054145,0.391078535715739,0.7591397849462366,True
sparsity_80,EtriActivity3D,30,3D-Kernel-SHAP,AOSA,133.0,0.04048972204327583,0.44538694247603416,0.16149747084646263,0.040078038136289074,0.42795698924731185,False
sparsity_80,EtriActivity3D,30,3D-Kernel-SHAP,GradCAM,15.0,2.551823854446411e-07,6.88992440700531e-06,0.483555039299859,0.6072296778361004,0.9354838709677419,True
sparsity_80,EtriActivity3D,30,3D-LIME,3D-RISE,227.0,0.9192965272814035,1.0,-0.0007001098321408605,0.00373835466345962,-0.023655913978494623,False
sparsity_80,EtriActivity3D,30,3D-LIME,3D-Sampled-Occl-Sens,128.0,0.03098480962216854,0.4337873347103596,0.21650292522803707,0.043048291378530223,0.44946236559139785,False
sparsity_80,EtriActivity3D,30,3D-LIME,LV-LOCO,232.0,1.0,1.0,0.11579488118489584,-0.02234029769897461,0.002150537634408602,False
sparsity_80,EtriActivity3D,30,3D-LIME,LV-Univ-Pred,18.0,4.7124922275543213e-07,1.2252479791641235e-05,-0.07871209462483723,-0.07991437911987304,-0.9225806451612903,True
sparsity_80,EtriActivity3D,30,3D-LIME,SaliencyTubes,12.0,1.30385160446167e-07,3.6507844924926758e-06,0.3883175701565213,0.4595653216044109,0.9483870967741935,True
sparsity_80,EtriActivity3D,30,3D-LIME,AOSA,62.0,0.00020912662148475647,0.004182532429695129,0.2486536648975694,0.3962135509568818,0.7333333333333333,True
sparsity_80,EtriActivity3D,30,3D-LIME,GradCAM,0.0,1.862645149230957e-09,6.705522537231445e-08,0.5707112333509656,0.559422238667806,1.0,True
sparsity_80,EtriActivity3D,30,3D-RISE,3D-Sampled-Occl-Sens,119.0,0.018529480323195457,0.27794220484793186,0.21720303506017793,0.040816326530612235,0.4881720430107527,False
sparsity_80,EtriActivity3D,30,3D-RISE,LV-LOCO,225.0,0.8871948085725307,1.0,0.11649499101703668,-0.030577904837472136,-0.03225806451612903,False
sparsity_80,EtriActivity3D,30,3D-RISE,LV-Univ-Pred,3.0,9.313225746154785e-09,2.8870999813079834e-07,-0.07801198479269639,-0.08198279945217835,-0.9870967741935484,True
sparsity_80,EtriActivity3D,30,3D-RISE,SaliencyTubes,10.0,8.009374141693115e-08,2.3227185010910034e-06,0.38901767998866227,0.45422645620748303,0.956989247311828,True
sparsity_80,EtriActivity3D,30,3D-RISE,AOSA,71.0,0.0005054883658885956,0.009604278951883316,0.24935377472971026,0.3833530970982143,0.6946236559139785,True
sparsity_80,EtriActivity3D,30,3D-RISE,GradCAM,0.0,1.862645149230957e-09,6.705522537231445e-08,0.5714113431831067,0.5668872236394558,1.0,True
sparsity_80,EtriActivity3D,30,3D-Sampled-Occl-Sens,LV-LOCO,130.0,0.034536734223365784,0.4337873347103596,-0.10070804404314121,-0.02762419627262991,-0.44086021505376344,False
sparsity_80,EtriActivity3D,30,3D-Sampled-Occl-Sens,LV-Univ-Pred,32.0,5.144625902175903e-06,0.00011832639575004578,-0.2952150198528743,-0.09744189754947202,-0.8623655913978494,True
sparsity_80,EtriActivity3D,30,3D-Sampled-Occl-Sens,SaliencyTubes,129.0,0.03272089920938015,0.4337873347103596,0.17181464492848422,0.27165025264913667,0.44516129032258067,False
sparsity_80,EtriActivity3D,30,3D-Sampled-Occl-Sens,AOSA,221.0,0.8235769439488649,1.0,0.03215073966953234,-0.014374210471448165,0.04946236559139785,False
sparsity_80,EtriActivity3D,30,3D-Sampled-Occl-Sens,GradCAM,52.0,7.056817412376404e-05,0.0015524998307228088,0.3542083081229287,0.5337776667157248,0.7763440860215054,True
sparsity_80,EtriActivity3D,30,LV-LOCO,LV-Univ-Pred,99.0,0.0050126127898693085,0.08020180463790894,-0.19450697580973308,-0.04037370681762692,-0.5741935483870968,False
sparsity_80,EtriActivity3D,30,LV-LOCO,SaliencyTubes,87.0,0.0020201820880174637,0.036363277584314346,0.2725226889716255,0.4375145276387532,0.6258064516129033,True
sparsity_80,EtriActivity3D,30,LV-LOCO,AOSA,138.0,0.052263347432017326,0.49710121005773544,0.13285878371267357,0.07639812249667938,0.4064516129032258,False
sparsity_80,EtriActivity3D,30,LV-LOCO,GradCAM,28.0,2.7623027563095093e-06,6.629526615142822e-05,0.45491635216607,0.6141579627990723,0.8795698924731182,True
sparsity_80,EtriActivity3D,30,LV-Univ-Pred,SaliencyTubes,0.0,1.862645149230957e-09,6.705522537231445e-08,0.4670296647813585,0.5476963678995769,1.0,True
sparsity_80,EtriActivity3D,30,LV-Univ-Pred,AOSA,3.0,9.313225746154785e-09,2.8870999813079834e-07,0.3273657595224066,0.41722614397219665,0.9870967741935484,True
sparsity_80,EtriActivity3D,30,LV-Univ-Pred,GradCAM,0.0,1.862645149230957e-09,6.705522537231445e-08,0.649423327975803,0.649869728088379,1.0,True
sparsity_80,EtriActivity3D,30,SaliencyTubes,AOSA,137.0,0.049710121005773544,0.49710121005773544,-0.1396639052589519,-0.06226947810374146,-0.410752688172043,False
sparsity_80,EtriActivity3D,30,SaliencyTubes,GradCAM,0.0,1.862645149230957e-09,6.705522537231445e-08,0.18239366319444444,0.08880208333333334,1.0,True
sparsity_80,EtriActivity3D,30,AOSA,GradCAM,19.0,5.718320608139038e-07,1.4295801520347595e-05,0.32205756845339634,0.2144285318293985,0.9182795698924732,True
sparsity_80,Kinetics400,30,3D-Kernel-SHAP,3D-LIME,135.0,0.044907208532094955,0.26944325119256973,-0.011532580057779936,0.03915834426879883,0.41935483870967744,False
sparsity_80,Kinetics400,30,3D-Kernel-SHAP,3D-RISE,197.0,0.4771064817905426,1.0,-0.04557431681626505,0.007109373442980738,0.15268817204301074,False
sparsity_80,Kinetics400,30,3D-Kernel-SHAP,3D-Sampled-Occl-Sens,106.0,0.008142979815602303,0.09771575778722763,-0.09090398714593541,-0.054538763037281834,-0.5440860215053763,False
sparsity_80,Kinetics400,30,3D-Kernel-SHAP,LV-LOCO,151.0,0.09610157273709774,0.38440629094839096,-0.07732709248860677,-0.024307727813720648,-0.35053763440860214,False
sparsity_80,Kinetics400,30,3D-Kernel-SHAP,LV-Univ-Pred,223.0,0.8552717231214046,1.0,-0.05531365712483723,0.0024148941040039174,0.04086021505376344,False
sparsity_80,Kinetics400,30,3D-Kernel-SHAP,SaliencyTubes,27.0,2.348795533180237e-06,5.167350172996521e-05,0.2624948353237576,0.30497357050577806,0.8838709677419355,True
sparsity_80,Kinetics400,30,3D-Kernel-SHAP,AOSA,122.0,0.022098854184150696,0.17694734036922455,0.1324759123900008,0.061993500326766426,0.4752688172043011,False
sparsity_80,Kinetics400,30,3D-Kernel-SHAP,GradCAM,5.0,1.862645149230957e-08,4.6566128730773926e-07,0.43686766518486864,0.49228223164876306,0.978494623655914,True
sparsity_80,Kinetics400,30,3D-LIME,3D-RISE,90.0,0.002560090273618698,0.033281173557043076,-0.03404173675848514,-0.033492045499840584,-0.6129032258064516,True
sparsity_80,Kinetics400,30,3D-LIME,3D-Sampled-Occl-Sens,15.0,2.551823854446411e-07,6.124377250671387e-06,-0.07937140708815547,-0.07839484671408564,-0.9354838709677419,True
sparsity_80,Kinetics400,30,3D-LIME,LV-LOCO,47.0,3.904104232788086e-05,0.0007808208465576172,-0.06579451243082683,-0.05835609436035155,-0.7978494623655914,True
sparsity_80,Kinetics400,30,3D-LIME,LV-Univ-Pred,78.0,0.0009517744183540344,0.016180165112018585,-0.04378107706705729,-0.040798187255859375,-0.6645161290322581,True
sparsity_80,Kinetics400,30,3D-LIME,SaliencyTubes,4.0,1.30385160446167e-08,3.390014171600342e-07,0.2740274153815375,0.2801751772562663,0.9827956989247312,True
sparsity_80,Kinetics400,30,3D-LIME,AOSA,107.0,0.008705463260412216,0.09771575778722763,0.14400849244778072,0.13450239012841467,0.5397849462365591,False
sparsity_80,Kinetics400,30,3D-LIME,GradCAM,0.0,1.862645149230957e-09,6.705522537231445e-08,0.44840024524264865,0.45911763509114584,1.0,True
sparsity_80,Kinetics400,30,3D-RISE,3D-Sampled-Occl-Sens,58.0,0.00013739429414272308,0.0026104915887117386,-0.04532967032967034,-0.038265306122448994,-0.7505376344086021,True
sparsity_80,Kinetics400,30,3D-RISE,LV-LOCO,120.0,0.019660815596580505,0.17694734036922455,-0.03175277567234169,-0.026094084369892967,-0.4838709677419355,False
sparsity_80,Kinetics400,30,3D-RISE,LV-Univ-Pred,195.0,0.4521643426269293,1.0,-0.009739340308572157,-0.021646190176204727,-0.16129032258064516,False
sparsity_80,Kinetics400,30,3D-RISE,SaliencyTubes,0.0,1.862645149230957e-09,6.705522537231445e-08,0.30806915214002273,0.3301731239370749,1.0,True
sparsity_80,Kinetics400,30,3D-RISE,AOSA,80.0,0.0011314544826745987,0.01810327172279358,0.17805022920626584,0.14166965614370747,0.6559139784946236,True
sparsity_80,Kinetics400,30,3D-RISE,GradCAM,0.0,1.862645149230957e-09,6.705522537231445e-08,0.4824419820011338,0.48518813775510206,1.0,True
sparsity_80,Kinetics400,30,3D-Sampled-Occl-Sens,LV-LOCO,125.0,0.026228994131088257,0.1836029589176178,0.013576894657328642,0.015892093035639543,0.46236559139784944,False
sparsity_80,Kinetics400,30,3D-Sampled-Occl-Sens,LV-Univ-Pred,110.0,0.010598260909318924,0.10598260909318924,0.035590330021098175,0.039084443941221125,0.5268817204301075,False
sparsity_80,Kinetics400,30,3D-Sampled-Occl-Sens,SaliencyTubes,2.0,5.587935447692871e-09,1.6205012798309326e-07,0.35339882246969295,0.39496674270669807,0.9913978494623656,True
sparsity_80,Kinetics400,30,3D-Sampled-Occl-Sens,AOSA,41.0,1.8244609236717224e-05,0.0003831367939710617,0.2233798995359362,0.1597230313399398,0.8236559139784946,True
sparsity_80,Kinetics400,30,3D-Sampled-Occl-Sens,GradCAM,0.0,1.862645149230957e-09,6.705522537231445e-08,0.5277716523308041,0.5407836722429356,1.0,True
sparsity_80,Kinetics400,30,LV-LOCO,LV-Univ-Pred,144.0,0.06989291124045849,0.34946455620229244,0.022013435363769537,0.02369165420532232,0.38064516129032255,False
sparsity_80,Kinetics400,30,LV-LOCO,SaliencyTubes,1.0,3.725290298461914e-09,1.1175870895385742e-07,0.3398219278123643,0.3705767313639323,0.9956989247311828,True
sparsity_80,Kinetics400,30,LV-LOCO,AOSA,60.0,0.00016989745199680328,0.003058154135942459,0.20980300487860754,0.1719480430187822,0.7419354838709677,True
sparsity_80,Kinetics400,30,LV-LOCO,GradCAM,0.0,1.862645149230957e-09,6.705522537231445e-08,0.5141947576734754,0.539919090270996,1.0,True
sparsity_80,Kinetics400,30,LV-Univ-Pred,SaliencyTubes,3.0,9.313225746154785e-09,2.514570951461792e-07,0.3178084924485949,0.3624117851257324,0.9870967741935484,True
sparsity_80,Kinetics400,30,LV-Univ-Pred,AOSA,87.0,0.0020201820880174637,0.030302731320261955,0.18778956951483802,0.1735151083290983,0.6258064516129033,True
sparsity_80,Kinetics400,30,LV-Univ-Pred,GradCAM,0.0,1.862645149230957e-09,6.705522537231445e-08,0.49218132230970596,0.5114539782206218,1.0,True
sparsity_80,Kinetics400,30,SaliencyTubes,AOSA,89.0,0.0023674946278333664,0.03314492478966713,-0.13001892293375683,-0.131179581207483,-0.6172043010752688,True
sparsity_80,Kinetics400,30,SaliencyTubes,GradCAM,2.0,5.587935447692871e-09,1.6205012798309326e-07,0.17437282986111108,0.14365234375,0.9913978494623656,True
sparsity_80,Kinetics400,30,AOSA,GradCAM,25.0,1.6838312149047852e-06,3.872811794281006e-05,0.3043917527948679,0.3388748272746599,0.8924731182795699,True
runtime_seconds,Overall,60,3D-Kernel-SHAP,3D-LIME,0.0,1.6295557943119345e-11,5.866400859522965e-10,16.56029645601908,11.666629076004028,1.0,True
runtime_seconds,Overall,60,3D-Kernel-SHAP,3D-RISE,0.0,1.6295557943119345e-11,5.866400859522965e-10,19.020595339934026,14.587618947029142,1.0,True
runtime_seconds,Overall,60,3D-Kernel-SHAP,3D-Sampled-Occl-Sens,1.0,1.7141493981716166e-11,5.866400859522965e-10,-14.72801035245259,-18.406447887420683,-0.9989071038251366,True
runtime_seconds,Overall,60,3D-Kernel-SHAP,LV-LOCO,0.0,1.6295557943119345e-11,5.866400859522965e-10,367.272743622462,375.05778193473816,1.0,True
runtime_seconds,Overall,60,3D-Kernel-SHAP,LV-Univ-Pred,0.0,1.6295557943119345e-11,5.866400859522965e-10,367.5432527820269,375.1411067247391,1.0,True
runtime_seconds,Overall,60,3D-Kernel-SHAP,SaliencyTubes,0.0,1.6295557943119345e-11,5.866400859522965e-10,457.570126303037,452.2941380739212,1.0,True
runtime_seconds,Overall,60,3D-Kernel-SHAP,AOSA,0.0,1.6295557943119345e-11,5.866400859522965e-10,384.32930917739867,378.86341857910156,1.0,True
runtime_seconds,Overall,60,3D-Kernel-SHAP,GradCAM,0.0,1.6295557943119345e-11,5.866400859522965e-10,457.570126303037,452.2941380739212,1.0,True
runtime_seconds,Overall,60,3D-LIME,3D-RISE,60.0,3.09047858118837e-10,9.271435743565109e-10,2.4602988839149456,2.6287920475006104,0.9344262295081968,True
runtime_seconds,Overall,60,3D-LIME,3D-Sampled-Occl-Sens,0.0,1.6295557943119345e-11,5.866400859522965e-10,-31.288306808471667,-31.280944347381592,-1.0,True
runtime_seconds,Overall,60,3D-LIME,LV-LOCO,0.0,1.6295557943119345e-11,5.866400859522965e-10,350.71244716644287,346.68815100193024,1.0,True
runtime_seconds,Overall,60,3D-LIME,LV-Univ-Pred,0.0,1.6295557943119345e-11,5.866400859522965e-10,350.98295632600787,346.9864115715027,1.0,True
runtime_seconds,Overall,60,3D-LIME,SaliencyTubes,0.0,1.6295557943119345e-11,5.866400859522965e-10,441.0098298470179,441.5308291912079,1.0,True
runtime_seconds,Overall,60,3D-LIME,AOSA,0.0,1.6295557943119345e-11,5.866400859522965e-10,367.7690127213796,368.03814685344696,1.0,True
runtime_seconds,Overall,60,3D-LIME,GradCAM,0.0,1.6295557943119345e-11,5.866400859522965e-10,441.0098298470179,441.5308291912079,1.0,True
runtime_seconds,Overall,60,3D-RISE,3D-Sampled-Occl-Sens,0.0,1.6295557943119345e-11,5.866400859522965e-10,-33.74860569238662,-33.88351702690122,-1.0,True
runtime_seconds,Overall,60,3D-RISE,LV-LOCO,0.0,1.6295557943119345e-11,5.866400859522965e-10,348.2521482825279,344.8297367095947,1.0,True
runtime_seconds,Overall,60,3D-RISE,LV-Univ-Pred,0.0,1.6295557943119345e-11,5.866400859522965e-10,348.5226574420929,344.9668073654175,1.0,True
runtime_seconds,Overall,60,3D-RISE,SaliencyTubes,0.0,1.6295557943119345e-11,5.866400859522965e-10,438.549530963103,439.13779294490814,1.0,True
runtime_seconds,Overall,60,3D-RISE,AOSA,0.0,1.6295557943119345e-11,5.866400859522965e-10,365.30871383746467,365.55297911167145,1.0,True
runtime_seconds,Overall,60,3D-RISE,GradCAM,0.0,1.6295557943119345e-11,5.866400859522965e-10,438.549530963103,439.13779294490814,1.0,True
runtime_seconds,Overall,60,3D-Sampled-Occl-Sens,LV-LOCO,0.0,1.6295557943119345e-11,5.866400859522965e-10,382.0007539749146,378.42376124858856,1.0,True
runtime_seconds,Overall,60,3D-Sampled-Occl-Sens,LV-Univ-Pred,0.0,1.6295557943119345e-11,5.866400859522965e-10,382.2712631344795,378.53240740299225,1.0,True
runtime_seconds,Overall,60,3D-Sampled-Occl-Sens,SaliencyTubes,0.0,1.6295557943119345e-11,5.866400859522965e-10,472.2981366554896,472.8873246908188,1.0,True
runtime_seconds,Overall,60,3D-Sampled-Occl-Sens,AOSA,0.0,1.6295557943119345e-11,5.866400859522965e-10,399.05731952985127,399.2402300834656,1.0,True
runtime_seconds,Overall,60,3D-Sampled-Occl-Sens,GradCAM,0.0,1.6295557943119345e-11,5.866400859522965e-10,472.2981366554896,472.8873246908188,1.0,True
runtime_seconds,Overall,60,LV-LOCO,LV-Univ-Pred,119.0,4.633245446262294e-09,9.266490892524588e-09,0.27050915956497285,0.2894524335861206,0.8699453551912568,True
runtime_seconds,Overall,60,LV-LOCO,SaliencyTubes,0.0,1.6295557943119345e-11,5.866400859522965e-10,90.29738268057505,94.8804167509079,1.0,True
runtime_seconds,Overall,60,LV-LOCO,AOSA,35.0,9.281672073789126e-11,5.866400859522965e-10,17.05656555493673,21.196307063102722,0.9617486338797814,True
runtime_seconds,Overall,60,LV-LOCO,GradCAM,0.0,1.6295557943119345e-11,5.866400859522965e-10,90.29738268057505,94.8804167509079,1.0,True
runtime_seconds,Overall,60,LV-Univ-Pred,SaliencyTubes,0.0,1.6295557943119345e-11,5.866400859522965e-10,90.02687352101007,94.57563841342926,1.0,True
runtime_seconds,Overall,60,LV-Univ-Pred,AOSA,36.0,9.745376089158193e-11,5.866400859522965e-10,16.786056395371755,20.81604015827179,0.9606557377049181,True
runtime_seconds,Overall,60,LV-Univ-Pred,GradCAM,0.0,1.6295557943119345e-11,5.866400859522965e-10,90.02687352101007,94.57563841342926,1.0,True
runtime_seconds,Overall,60,SaliencyTubes,AOSA,0.0,1.6295557943119345e-11,5.866400859522965e-10,-73.24081712563833,-73.49244379997253,-1.0,True
runtime_seconds,Overall,60,SaliencyTubes,GradCAM,0.0,1.0,1.0,0.0,0.0,0.0,False
runtime_seconds,Overall,60,AOSA,GradCAM,0.0,1.6295557943119345e-11,5.866400859522965e-10,73.24081712563833,73.49244379997253,1.0,True
runtime_seconds,EtriActivity3D,30,3D-Kernel-SHAP,3D-LIME,0.0,1.862645149230957e-09,6.705522537231445e-08,6.599771030743911,6.576445341110258,1.0,True
runtime_seconds,EtriActivity3D,30,3D-Kernel-SHAP,3D-RISE,0.0,1.862645149230957e-09,6.705522537231445e-08,9.016010729471844,9.365779399871855,1.0,True
runtime_seconds,EtriActivity3D,30,3D-Kernel-SHAP,3D-Sampled-Occl-Sens,0.0,1.862645149230957e-09,6.705522537231445e-08,-24.595136388142897,-24.508812069892883,-1.0,True
runtime_seconds,EtriActivity3D,30,3D-Kernel-SHAP,LV-LOCO,0.0,1.862645149230957e-09,6.705522537231445e-08,351.9675845305125,351.1963052749634,1.0,True
runtime_seconds,EtriActivity3D,30,3D-Kernel-SHAP,LV-Univ-Pred,0.0,1.862645149230957e-09,6.705522537231445e-08,352.26401681900023,351.4348064661026,1.0,True
runtime_seconds,EtriActivity3D,30,3D-Kernel-SHAP,SaliencyTubes,0.0,1.862645149230957e-09,6.705522537231445e-08,447.3457093636195,448.0171581506729,1.0,True
runtime_seconds,EtriActivity3D,30,3D-Kernel-SHAP,AOSA,0.0,1.862645149230957e-09,6.705522537231445e-08,373.8758489529292,374.7066556215286,1.0,True
runtime_seconds,EtriActivity3D,30,3D-Kernel-SHAP,GradCAM,0.0,1.862645149230957e-09,6.705522537231445e-08,447.3457093636195,448.0171581506729,1.0,True
runtime_seconds,EtriActivity3D,30,3D-LIME,3D-RISE,30.0,3.7904828786849976e-06,7.580965757369995e-06,2.4162396987279333,2.75339591503149,0.8709677419354839,True
runtime_seconds,EtriActivity3D,30,3D-LIME,3D-Sampled-Occl-Sens,0.0,1.862645149230957e-09,6.705522537231445e-08,-31.194907418886807,-31.23916304111478,-1.0,True
runtime_seconds,EtriActivity3D,30,3D-LIME,LV-LOCO,0.0,1.862645149230957e-09,6.705522537231445e-08,345.3678134997686,344.36689817905426,1.0,True
runtime_seconds,EtriActivity3D,30,3D-LIME,LV-Univ-Pred,0.0,1.862645149230957e-09,6.705522537231445e-08,345.6642457882563,344.53360283374786,1.0,True
runtime_seconds,EtriActivity3D,30,3D-LIME,SaliencyTubes,0.0,1.862645149230957e-09,6.705522537231445e-08,440.7459383328756,441.43660390377045,1.0,True
runtime_seconds,EtriActivity3D,30,3D-LIME,AOSA,0.0,1.862645149230957e-09,6.705522537231445e-08,367.27607792218527,368.03814685344696,1.0,True
runtime_seconds,EtriActivity3D,30,3D-LIME,GradCAM,0.0,1.862645149230957e-09,6.705522537231445e-08,440.7459383328756,441.43660390377045,1.0,True
runtime_seconds,EtriActivity3D,30,3D-RISE,3D-Sampled-Occl-Sens,0.0,1.862645149230957e-09,6.705522537231445e-08,-33.61114711761475,-33.89474642276764,-1.0,True
runtime_seconds,EtriActivity3D,30,3D-RISE,LV-LOCO,0.0,1.862645149230957e-09,6.705522537231445e-08,342.95157380104064,342.3082855939865,1.0,True
runtime_seconds,EtriActivity3D,30,3D-RISE,LV-Univ-Pred,0.0,1.862645149230957e-09,6.705522537231445e-08,343.2480060895284,342.61887323856354,1.0,True
runtime_seconds,EtriActivity3D,30,3D-RISE,SaliencyTubes,0.0,1.862645149230957e-09,6.705522537231445e-08,438.32969863414763,439.23551416397095,1.0,True
runtime_seconds,EtriActivity3D,30,3D-RISE,AOSA,0.0,1.862645149230957e-09,6.705522537231445e-08,364.85983822345736,365.5632027387619,1.0,True
runtime_seconds,EtriActivity3D,30,3D-RISE,GradCAM,0.0,1.862645149230957e-09,6.705522537231445e-08,438.32969863414763,439.23551416397095,1.0,True
runtime_seconds,EtriActivity3D,30,3D-Sampled-Occl-Sens,LV-LOCO,0.0,1.862645149230957e-09,6.705522537231445e-08,376.5627209186554,375.7671539783478,1.0,True
runtime_seconds,EtriActivity3D,30,3D-Sampled-Occl-Sens,LV-Univ-Pred,0.0,1.862645149230957e-09,6.705522537231445e-08,376.85915320714315,376.0420799255371,1.0,True
runtime_seconds,EtriActivity3D,30,3D-Sampled-Occl-Sens,SaliencyTubes,0.0,1.862645149230957e-09,6.705522537231445e-08,471.94084575176237,472.9291515350342,1.0,True
runtime_seconds,EtriActivity3D,30,3D-Sampled-Occl-Sens,AOSA,0.0,1.862645149230957e-09,6.705522537231445e-08,398.4709853410721,399.0074027776718,1.0,True
runtime_seconds,EtriActivity3D,30,3D-Sampled-Occl-Sens,GradCAM,0.0,1.862645149230957e-09,6.705522537231445e-08,471.94084575176237,472.9291515350342,1.0,True
runtime_seconds,EtriActivity3D,30,LV-LOCO,LV-Univ-Pred,11.0,1.0244548320770264e-07,3.073364496231079e-07,0.2964322884877537,0.28215503692627664,0.9526881720430107,True
runtime_seconds,EtriActivity3D,30,LV-LOCO,SaliencyTubes,0.0,1.862645149230957e-09,6.705522537231445e-08,95.378124833107,96.9421033859253,1.0,True
runtime_seconds,EtriActivity3D,30,LV-LOCO,AOSA,2.0,5.587935447692871e-09,6.705522537231445e-08,21.908264422416686,23.355387687683105,0.9913978494623656,True
runtime_seconds,EtriActivity3D,30,LV-LOCO,GradCAM,0.0,1.862645149230957e-09,6.705522537231445e-08,95.378124833107,96.9421033859253,1.0,True
runtime_seconds,EtriActivity3D,30,LV-Univ-Pred,SaliencyTubes,0.0,1.862645149230957e-09,6.705522537231445e-08,95.08169254461924,96.60602486133575,1.0,True
runtime_seconds,EtriActivity3D,30,LV-Univ-Pred,AOSA,2.0,5.587935447692871e-09,6.705522537231445e-08,21.611832133928935,22.98172271251679,0.9913978494623656,True
runtime_seconds,EtriActivity3D,30,LV-Univ-Pred,GradCAM,0.0,1.862645149230957e-09,6.705522537231445e-08,95.08169254461924,96.60602486133575,1.0,True
runtime_seconds,EtriActivity3D,30,SaliencyTubes,AOSA,0.0,1.862645149230957e-09,6.705522537231445e-08,-73.4698604106903,-73.31800043582916,-1.0,True
runtime_seconds,EtriActivity3D,30,SaliencyTubes,GradCAM,0.0,1.0,1.0,0.0,0.0,0.0,False
runtime_seconds,EtriActivity3D,30,AOSA,GradCAM,0.0,1.862645149230957e-09,6.705522537231445e-08,73.4698604106903,73.31800043582916,1.0,True
runtime_seconds,Kinetics400,30,3D-Kernel-SHAP,3D-LIME,0.0,1.862645149230957e-09,6.705522537231445e-08,26.52082188129425,26.575690507888794,1.0,True
runtime_seconds,Kinetics400,30,3D-Kernel-SHAP,3D-RISE,0.0,1.862645149230957e-09,6.705522537231445e-08,29.02517995039621,29.03207874298093,1.0,True
runtime_seconds,Kinetics400,30,3D-Kernel-SHAP,3D-Sampled-Occl-Sens,1.0,3.725290298461914e-09,6.705522537231445e-08,-4.860884316762281,-4.8767038583754925,-0.9956989247311828,True
runtime_seconds,Kinetics400,30,3D-Kernel-SHAP,LV-LOCO,0.0,1.862645149230957e-09,6.705522537231445e-08,382.57790271441144,381.89359641075134,1.0,True
runtime_seconds,Kinetics400,30,3D-Kernel-SHAP,LV-Univ-Pred,0.0,1.862645149230957e-09,6.705522537231445e-08,382.8224887450536,382.25199604034424,1.0,True
runtime_seconds,Kinetics400,30,3D-Kernel-SHAP,SaliencyTubes,0.0,1.862645149230957e-09,6.705522537231445e-08,467.79454324245455,467.82770216464996,1.0,True
runtime_seconds,Kinetics400,30,3D-Kernel-SHAP,AOSA,0.0,1.862645149230957e-09,6.705522537231445e-08,394.78276940186817,394.67139279842377,1.0,True
runtime_seconds,Kinetics400,30,3D-Kernel-SHAP,GradCAM,0.0,1.862645149230957e-09,6.705522537231445e-08,467.79454324245455,467.82770216464996,1.0,True
runtime_seconds,Kinetics400,30,3D-LIME,3D-RISE,0.0,1.862645149230957e-09,6.705522537231445e-08,2.5043580691019582,2.4851391315460205,1.0,True
runtime_seconds,Kinetics400,30,3D-LIME,3D-Sampled-Occl-Sens,0.0,1.862645149230957e-09,6.705522537231445e-08,-31.38170619805653,-31.309882283210726,-1.0,True
runtime_seconds,Kinetics400,30,3D-LIME,LV-LOCO,0.0,1.862645149230957e-09,6.705522537231445e-08,356.05708083311714,355.4309104681015,1.0,True
runtime_seconds,Kinetics400,30,3D-LIME,LV-Univ-Pred,0.0,1.862645149230957e-09,6.705522537231445e-08,356.30166686375935,355.83346474170685,1.0,True
runtime_seconds,Kinetics400,30,3D-LIME,SaliencyTubes,0.0,1.862645149230957e-09,6.705522537231445e-08,441.27372136116026,441.58465564250946,1.0,True
runtime_seconds,Kinetics400,30,3D-LIME,AOSA,0.0,1.862645149230957e-09,6.705522537231445e-08,368.2619475205739,368.1501121520996,1.0,True
runtime_seconds,Kinetics400,30,3D-LIME,GradCAM,0.0,1.862645149230957e-09,6.705522537231445e-08,441.27372136116026,441.58465564250946,1.0,True
runtime_seconds,Kinetics400,30,3D-RISE,3D-Sampled-Occl-Sens,0.0,1.862645149230957e-09,6.705522537231445e-08,-33.886064267158496,-33.88351702690122,-1.0,True
runtime_seconds,Kinetics400,30,3D-RISE,LV-LOCO,0.0,1.862645149230957e-09,6.705522537231445e-08,353.5527227640152,352.8448134660721,1.0,True
runtime_seconds,Kinetics400,30,3D-RISE,LV-Univ-Pred,0.0,1.862645149230957e-09,6.705522537231445e-08,353.7973087946574,353.27682518959045,1.0,True
runtime_seconds,Kinetics400,30,3D-RISE,SaliencyTubes,0.0,1.862645149230957e-09,6.705522537231445e-08,438.7693632920583,439.0321042537689,1.0,True
runtime_seconds,Kinetics400,30,3D-RISE,AOSA,0.0,1.862645149230957e-09,6.705522537231445e-08,365.757589451472,365.44491958618164,1.0,True
runtime_seconds,Kinetics400,30,3D-RISE,GradCAM,0.0,1.862645149230957e-09,6.705522537231445e-08,438.7693632920583,439.0321042537689,1.0,True
runtime_seconds,Kinetics400,30,3D-Sampled-Occl-Sens,LV-LOCO,0.0,1.862645149230957e-09,6.705522537231445e-08,387.4387870311737,387.1320483684539,1.0,True
runtime_seconds,Kinetics400,30,3D-Sampled-Occl-Sens,LV-Univ-Pred,0.0,1.862645149230957e-09,6.705522537231445e-08,387.68337306181587,387.3946490287781,1.0,True
runtime_seconds,Kinetics400,30,3D-Sampled-Occl-Sens,SaliencyTubes,0.0,1.862645149230957e-09,6.705522537231445e-08,472.65542755921683,472.8873246908188,1.0,True
runtime_seconds,Kinetics400,30,3D-Sampled-Occl-Sens,AOSA,0.0,1.862645149230957e-09,6.705522537231445e-08,399.64365371863045,399.28766274452204,1.0,True
runtime_seconds,Kinetics400,30,3D-Sampled-Occl-Sens,GradCAM,0.0,1.862645149230957e-09,6.705522537231445e-08,472.65542755921683,472.8873246908188,1.0,True
runtime_seconds,Kinetics400,30,LV-LOCO,LV-Univ-Pred,50.0,5.5925920605659485e-05,0.00011185184121131897,0.24458603064219203,0.2894524335861206,0.7849462365591398,True
runtime_seconds,Kinetics400,30,LV-LOCO,SaliencyTubes,0.0,1.862645149230957e-09,6.705522537231445e-08,85.21664052804311,85.08385336399078,1.0,True
runtime_seconds,Kinetics400,30,LV-LOCO,AOSA,23.0,1.1920928955078125e-06,4.76837158203125e-06,12.204866687456766,12.56098461151123,0.9010752688172043,True
runtime_seconds,Kinetics400,30,LV-LOCO,GradCAM,0.0,1.862645149230957e-09,6.705522537231445e-08,85.21664052804311,85.08385336399078,1.0,True
runtime_seconds,Kinetics400,30,LV-Univ-Pred,SaliencyTubes,0.0,1.862645149230957e-09,6.705522537231445e-08,84.97205449740092,85.31024277210236,1.0,True
runtime_seconds,Kinetics400,30,LV-Univ-Pred,AOSA,23.0,1.1920928955078125e-06,4.76837158203125e-06,11.960280656814575,12.31335735321045,0.9010752688172043,True
runtime_seconds,Kinetics400,30,LV-Univ-Pred,GradCAM,0.0,1.862645149230957e-09,6.705522537231445e-08,84.97205449740092,85.31024277210236,1.0,True
runtime_seconds,Kinetics400,30,SaliencyTubes,AOSA,0.0,1.862645149230957e-09,6.705522537231445e-08,-73.01177384058634,-73.6979112625122,-1.0,True
runtime_seconds,Kinetics400,30,SaliencyTubes,GradCAM,0.0,1.0,1.0,0.0,0.0,0.0,False
runtime_seconds,Kinetics400,30,AOSA,GradCAM,0.0,1.862645149230957e-09,6.705522537231445e-08,73.01177384058634,73.6979112625122,1.0,True
sensitivity_n,Overall,60,3D-Kernel-SHAP,3D-LIME,456.0,0.0007275641822625827,0.01091346273393874,-0.07854329623042683,-0.05718311736487776,-0.5016393442622951,True
sensitivity_n,Overall,60,3D-Kernel-SHAP,3D-RISE,683.0,0.08765640310682099,0.6211427189767404,-0.04125465713118967,-0.0663519662982203,-0.253551912568306,False
sensitivity_n,Overall,60,3D-Kernel-SHAP,3D-Sampled-Occl-Sens,258.0,1.3209665918036e-06,3.56660979786972e-05,0.22960074277187767,0.2114033462779527,0.7180327868852459,True
sensitivity_n,Overall,60,3D-Kernel-SHAP,LV-LOCO,227.0,4.088661130268423e-07,1.1448251164751584e-05,-0.187255991422867,-0.14900568205897494,-0.7519125683060109,True
sensitivity_n,Overall,60,3D-Kernel-SHAP,LV-Univ-Pred,262.0,1.5311491413164787e-06,3.9809877674228445e-05,0.2233351777113065,0.16418156103372222,0.7136612021857923,True
sensitivity_n,Overall,60,3D-Kernel-SHAP,SaliencyTubes,716.0,0.14293210487896313,0.7146605243948156,0.06252153360900246,0.04353862688796406,0.2174863387978142,False
sensitivity_n,Overall,60,3D-Kernel-SHAP,AOSA,668.0,0.06901585766408228,0.6211427189767404,0.14344288963674995,0.02570366620399345,0.26994535519125684,False
sensitivity_n,Overall,60,3D-Kernel-SHAP,GradCAM,781.0,0.3239099840893076,0.9717299522679228,0.04518387637549827,0.006464825619475034,0.146448087431694,False
sensitivity_n,Overall,60,3D-LIME,3D-RISE,827.0,0.5171006897852737,1.0,0.037288639099237166,0.024815711422677238,0.09617486338797815,False
sensitivity_n,Overall,60,3D-LIME,3D-Sampled-Occl-Sens,152.0,1.9441038635532107e-08,6.609953136080917e-07,0.30814403900230464,0.3143832755506319,0.833879781420765,True
sensitivity_n,Overall,60,3D-LIME,LV-LOCO,446.0,0.0005552284994554332,0.008883655991286932,-0.10871269519244019,-0.09172005419537704,-0.512568306010929,True
sensitivity_n,Overall,60,3D-LIME,LV-Univ-Pred,188.0,8.704252796308214e-08,2.7853608948186284e-06,0.3018784739417333,0.2796979527447271,0.7945355191256831,True
sensitivity_n,Overall,60,3D-LIME,SaliencyTubes,394.0,0.00012536257169669753,0.002632614005630648,0.14106482983942933,0.12892251539700833,0.5693989071038251,True
sensitivity_n,Overall,60,3D-LIME,AOSA,396.0,0.00013308857478033526,0.002632614005630648,0.2219861858671768,0.1674849405359993,0.5672131147540984,True
sensitivity_n,Overall,60,3D-LIME,GradCAM,489.0,0.0017124416457849644,0.020549299749419575,0.12372717260592511,0.16578364275013446,0.46557377049180326,True
sensitivity_n,Overall,60,3D-RISE,3D-Sampled-Occl-Sens,211.0,2.1885093424322652e-07,6.7843789615400225e-06,0.2708553999030673,0.3136964715195,0.7693989071038252,True
sensitivity_n,Overall,60,3D-RISE,LV-LOCO,477.0,0.0012624482212298868,0.017674275097218417,-0.14600133429167736,-0.1032134701263824,-0.4786885245901639,True
sensitivity_n,Overall,60,3D-RISE,LV-Univ-Pred,182.0,6.812207229672464e-08,2.2480283857919134e-06,0.2645898348424962,0.3208352576475783,0.8010928961748633,True
sensitivity_n,Overall,60,3D-RISE,SaliencyTubes,395.0,0.00012917114649942191,0.002632614005630648,0.10377619074019216,0.08306277946553622,0.5683060109289617,True
sensitivity_n,Overall,60,3D-RISE,AOSA,298.0,5.569421613489575e-06,0.0001336661187237498,0.18469754676793965,0.10861298274679398,0.6743169398907104,True
sensitivity_n,Overall,60,3D-RISE,GradCAM,484.0,0.0015095002696703438,0.01962350350571447,0.08643853350668794,0.09822616302205972,0.4710382513661202,True
sensitivity_n,Overall,60,3D-Sampled-Occl-Sens,LV-LOCO,64.0,3.7348595429945804e-10,1.3072008400481031e-08,-0.4168567341947446,-0.4211018805793204,-0.9300546448087431,True
sensitivity_n,Overall,60,3D-Sampled-Occl-Sens,LV-Univ-Pred,908.0,0.9589022241229527,1.0,-0.006265565060571151,0.03473594586468255,-0.007650273224043716,False
sensitivity_n,Overall,60,3D-Sampled-Occl-Sens,SaliencyTubes,407.0,0.00018424416817405557,0.003316395027133,-0.16707920916287522,-0.20805238591097502,-0.5551912568306011,True
sensitivity_n,Overall,60,3D-Sampled-Occl-Sens,AOSA,633.0,0.03789653642824972,0.3789653642824972,-0.0861578531351277,-0.19476995127004249,-0.3081967213114754,False
sensitivity_n,Overall,60,3D-Sampled-Occl-Sens,GradCAM,362.0,4.681849077315039e-05,0.001076825287782459,-0.1844168663963794,-0.22425533869942935,-0.6043715846994535,True
sensitivity_n,Overall,60,LV-LOCO,LV-Univ-Pred,57.0,2.679770894249959e-10,9.647175219299852e-09,0.4105911691341736,0.4420531257001522,0.9377049180327869,True
sensitivity_n,Overall,60,LV-LOCO,SaliencyTubes,213.0,2.3680817959610825e-07,7.104245387883248e-06,0.24977752503186954,0.24419723854605346,0.7672131147540984,True
sensitivity_n,Overall,60,LV-LOCO,AOSA,219.0,2.9963618614770236e-07,8.689449398283368e-06,0.33069888105961703,0.26589276292167885,0.760655737704918,True
sensitivity_n,Overall,60,LV-LOCO,GradCAM,269.0,1.978622583245805e-06,4.946556458114513e-05,0.23243986779836529,0.21202402821485639,0.7060109289617487,True
sensitivity_n,Overall,60,LV-Univ-Pred,SaliencyTubes,424.0,0.00030087314752156533,0.005114843507866611,-0.16081364410230406,-0.19172753203076814,-0.5366120218579234,True
sensitivity_n,Overall,60,LV-Univ-Pred,AOSA,625.0,0.03277204956016548,0.3604925451618203,-0.07989228807455652,-0.12836579436857848,-0.31693989071038253,False
sensitivity_n,Overall,60,LV-Univ-Pred,GradCAM,383.0,8.98912106006078e-05,0.0019776066332133717,-0.17815130133580823,-0.24442449057216292,-0.5814207650273224,True
sensitivity_n,Overall,60,SaliencyTubes,AOSA,723.0,0.1575299833400341,0.7146605243948156,0.08092135602774751,0.054654355094539066,0.2098360655737705,False
sensitivity_n,Overall,60,SaliencyTubes,GradCAM,699.0,0.11181085778953141,0.6708651467371884,-0.017337657233504205,-0.017621352991445557,-0.2360655737704918,False
sensitivity_n,Overall,60,AOSA,GradCAM,668.0,0.06901585766408228,0.6211427189767404,-0.09825901326125172,-0.03257622883030639,-0.26994535519125684,False
sensitivity_n,EtriActivity3D,30,3D-Kernel-SHAP,3D-LIME,128.0,0.03098480962216854,0.34083290584385395,-0.0650010380918881,-0.03193377307868778,-0.44946236559139785,False
sensitivity_n,EtriActivity3D,30,3D-Kernel-SHAP,3D-RISE,227.0,0.9192965272814035,1.0,0.03671131468925235,-0.050071844687254057,-0.023655913978494623,False
sensitivity_n,EtriActivity3D,30,3D-Kernel-SHAP,3D-Sampled-Occl-Sens,22.0,9.98377799987793e-07,3.394484519958496e-05,0.3226470948963906,0.3127394213056296,0.9053763440860215,True
sensitivity_n,EtriActivity3D,30,3D-Kernel-SHAP,LV-LOCO,62.0,0.00020912662148475647,0.005646418780088425,-0.1827002634331219,-0.14454852515271593,-0.7333333333333333,True
sensitivity_n,EtriActivity3D,30,3D-Kernel-SHAP,LV-Univ-Pred,92.0,0.0029870010912418365,0.05077901855111122,0.23213936135353766,0.18402871575722296,0.6043010752688172,False
sensitivity_n,EtriActivity3D,30,3D-Kernel-SHAP,SaliencyTubes,114.0,0.013663241639733315,0.1912853829562664,0.13239417846422036,0.07945168562263205,0.5096774193548387,False
sensitivity_n,EtriActivity3D,30,3D-Kernel-SHAP,AOSA,123.0,0.023410143330693245,0.3043318632990122,0.2599778706084879,0.14028946474092635,0.47096774193548385,False
sensitivity_n,EtriActivity3D,30,3D-Kernel-SHAP,GradCAM,104.0,0.007111456245183945,0.10667184367775917,0.15643501060003775,0.18819054843381755,0.5526881720430108,False
sensitivity_n,EtriActivity3D,30,3D-LIME,3D-RISE,141.0,0.06056523136794567,0.6056523136794567,0.10171235278114048,0.11516350904041389,0.3935483870967742,False
sensitivity_n,EtriActivity3D,30,3D-LIME,3D-Sampled-Occl-Sens,4.0,1.30385160446167e-08,4.6938657760620117e-07,0.3876481329882788,0.3471695946132215,0.9827956989247312,True
sensitivity_n,EtriActivity3D,30,3D-LIME,LV-LOCO,124.0,0.024786051362752914,0.3043318632990122,-0.1176992253412338,-0.09172005419537704,-0.4666666666666667,False
sensitivity_n,EtriActivity3D,30,3D-LIME,LV-Univ-Pred,57.0,0.00012333691120147705,0.0034534335136413574,0.29714039944542575,0.31947235790573164,0.7548387096774194,True
sensitivity_n,EtriActivity3D,30,3D-LIME,SaliencyTubes,69.0,0.0004183966666460037,0.01004151999950409,0.19739521655610842,0.2191923801511495,0.7032258064516129,True
sensitivity_n,EtriActivity3D,30,3D-LIME,AOSA,71.0,0.0005054883658885956,0.011626232415437698,0.3249789087003761,0.19017155875496172,0.6946236559139785,True
sensitivity_n,EtriActivity3D,30,3D-LIME,GradCAM,62.0,0.00020912662148475647,0.005646418780088425,0.22143604869192587,0.2208698460366722,0.7333333333333333,True
sensitivity_n,EtriActivity3D,30,3D-RISE,3D-Sampled-Occl-Sens,52.0,7.056817412376404e-05,0.002046477049589157,0.2859357802071382,0.31155487399770654,0.7763440860215054,True
sensitivity_n,EtriActivity3D,30,3D-RISE,LV-LOCO,67.0,0.0003449581563472748,0.00862395390868187,-0.2194115781223743,-0.12472342564406669,-0.7118279569892473,True
sensitivity_n,EtriActivity3D,30,3D-RISE,LV-Univ-Pred,90.0,0.002560090273618698,0.046081624925136566,0.1954280466642853,0.1087327046236377,0.6129032258064516,True
sensitivity_n,EtriActivity3D,30,3D-RISE,SaliencyTubes,81.0,0.0012321043759584427,0.025874191895127296,0.09568286377496801,0.12613833202903407,0.6516129032258065,True
sensitivity_n,EtriActivity3D,30,3D-RISE,AOSA,87.0,0.0020201820880174637,0.03838345967233181,0.2232665559192356,0.06511551409721977,0.6258064516129033,True
sensitivity_n,EtriActivity3D,30,3D-RISE,GradCAM,78.0,0.0009517744183540344,0.020939037203788757,0.11972369591078537,0.16391726019479097,0.6645161290322581,True
sensitivity_n,EtriActivity3D,30,3D-Sampled-Occl-Sens,LV-LOCO,6.0,2.60770320892334e-08,9.126961231231689e-07,-0.5053473583295125,-0.5291594463174758,-0.9741935483870968,True
sensitivity_n,EtriActivity3D,30,3D-Sampled-Occl-Sens,LV-Univ-Pred,151.0,0.09610157273709774,0.8649141546338797,-0.09050773354285302,-0.08474038036797979,-0.35053763440860214,False
sensitivity_n,EtriActivity3D,30,3D-Sampled-Occl-Sens,SaliencyTubes,86.0,0.0018640067428350449,0.0372801348567009,-0.19025291643217027,-0.20568147119154917,-0.6301075268817204,True
sensitivity_n,EtriActivity3D,30,3D-Sampled-Occl-Sens,AOSA,188.0,0.370740607380867,1.0,-0.06266922428790268,-0.18130862189898866,-0.1913978494623656,False
sensitivity_n,EtriActivity3D,30,3D-Sampled-Occl-Sens,GradCAM,103.0,0.006639536470174789,0.10623258352279663,-0.16621208429635287,-0.12048450798869684,-0.556989247311828,False
sensitivity_n,EtriActivity3D,30,LV-LOCO,LV-Univ-Pred,25.0,1.6838312149047852e-06,5.556643009185791e-05,0.41483962478665953,0.4599089481161859,0.8924731182795699,True
sensitivity_n,EtriActivity3D,30,LV-LOCO,SaliencyTubes,37.0,1.0609626770019531e-05,0.00031828880310058594,0.3150944418973423,0.3180270389275133,0.8408602150537634,True
sensitivity_n,EtriActivity3D,30,LV-LOCO,AOSA,36.0,9.220093488693237e-06,0.00028582289814949036,0.4426781340416098,0.47060141020163004,0.8451612903225807,True
sensitivity_n,EtriActivity3D,30,LV-LOCO,GradCAM,34.0,6.917864084243774e-06,0.00022137165069580078,0.3391352740331597,0.32576061400659173,0.853763440860215,True
sensitivity_n,EtriActivity3D,30,LV-Univ-Pred,SaliencyTubes,154.0,0.10943205840885639,0.8754564672708511,-0.09974518288931726,-0.1427778967553765,-0.33763440860215055,False
sensitivity_n,EtriActivity3D,30,LV-Univ-Pred,AOSA,218.0,0.7765688337385654,1.0,0.02783850925495033,0.0033167940681895214,0.06236559139784946,False
sensitivity_n,EtriActivity3D,30,LV-Univ-Pred,GradCAM,169.0,0.19807579927146435,1.0,-0.07570435075349988,-0.07767360875066442,-0.2731182795698925,False
sensitivity_n,EtriActivity3D,30,SaliencyTubes,AOSA,184.0,0.3284698575735092,1.0,0.12758369214426754,0.04210999507070921,0.2086021505376344,False
sensitivity_n,EtriActivity3D,30,SaliencyTubes,GradCAM,189.0,0.3817984350025654,1.0,0.02404083213581737,0.018802313901709198,0.1870967741935484,False
sensitivity_n,EtriActivity3D,30,AOSA,GradCAM,211.0,0.6701805889606476,1.0,-0.10354286000845023,0.009274874263319285,-0.09247311827956989,False
sensitivity_n,Kinetics400,30,3D-Kernel-SHAP,3D-LIME,114.0,0.013663241639733315,0.24593834951519966,-0.09208555436896552,-0.09661964219637065,-0.5096774193548387,False
sensitivity_n,Kinetics400,30,3D-Kernel-SHAP,3D-RISE,122.0,0.022098854184150696,0.3335976302623749,-0.11922062895163169,-0.1981196267208823,-0.4752688172043011,False
sensitivity_n,Kinetics400,30,3D-Kernel-SHAP,3D-Sampled-Occl-Sens,117.0,0.016431212425231934,0.27933061122894287,0.1365543906473647,0.1857802542282044,0.4967741935483871,False
sensitivity_n,Kinetics400,30,3D-Kernel-SHAP,LV-LOCO,51.0,6.286613643169403e-05,0.001885984092950821,-0.1918117194126121,-0.15713188345053947,-0.7806451612903226,True
sensitivity_n,Kinetics400,30,3D-Kernel-SHAP,LV-Univ-Pred,34.0,6.917864084243774e-06,0.00022137165069580078,0.21453099406907541,0.16418156103372222,0.853763440860215,True
sensitivity_n,Kinetics400,30,3D-Kernel-SHAP,SaliencyTubes,216.0,0.7456546742469072,1.0,-0.007351111246215404,-0.013185713883095584,-0.07096774193548387,False
sensitivity_n,Kinetics400,30,3D-Kernel-SHAP,AOSA,223.0,0.8552717231214046,1.0,0.026907908665011988,-0.0433214470729252,0.04086021505376344,False
sensitivity_n,Kinetics400,30,3D-Kernel-SHAP,GradCAM,167.0,0.18396909348666668,1.0,-0.06606725784904119,-0.08728147437227679,-0.2817204301075269,False
sensitivity_n,Kinetics400,30,3D-LIME,3D-RISE,193.0,0.42795460671186447,1.0,-0.027135074582666154,-0.09710417074486491,-0.16989247311827957,False
sensitivity_n,Kinetics400,30,3D-LIME,3D-Sampled-Occl-Sens,81.0,0.0012321043759584427,0.028338400647044182,0.22863994501633025,0.23913037623806244,0.6516129032258065,True
sensitivity_n,Kinetics400,30,3D-LIME,LV-LOCO,101.0,0.00577649287879467,0.1155298575758934,-0.09972616504364658,-0.09601828988507155,-0.5655913978494623,False
sensitivity_n,Kinetics400,30,3D-LIME,LV-Univ-Pred,36.0,9.220093488693237e-06,0.00028582289814949036,0.3066165484380409,0.20443743915016982,0.8451612903225807,True
sensitivity_n,Kinetics400,30,3D-LIME,SaliencyTubes,141.0,0.06056523136794567,0.6345672179013491,0.08473444312275014,0.10279888376681867,0.3935483870967742,False
sensitivity_n,Kinetics400,30,3D-LIME,AOSA,140.0,0.05768792890012264,0.6345672179013491,0.11899346303397754,0.14539858306719766,0.3978494623655914,False
sensitivity_n,Kinetics400,30,3D-LIME,GradCAM,206.0,0.5978077705949545,1.0,0.026018296519924353,0.04060150299912745,0.11397849462365592,False
sensitivity_n,Kinetics400,30,3D-RISE,3D-Sampled-Occl-Sens,57.0,0.00012333691120147705,0.0035767704248428345,0.2557750195989964,0.3161085354472846,0.7548387096774194,True
sensitivity_n,Kinetics400,30,3D-RISE,LV-LOCO,182.0,0.308520769700408,1.0,-0.07259109046098046,-0.06345391021497815,-0.2172043010752688,False
sensitivity_n,Kinetics400,30,3D-RISE,LV-Univ-Pred,11.0,1.0244548320770264e-07,3.5855919122695923e-06,0.33375162302070716,0.36119899664494604,0.9526881720430107,True
sensitivity_n,Kinetics400,30,3D-RISE,SaliencyTubes,122.0,0.022098854184150696,0.3335976302623749,0.11186951770541627,0.04823781164519109,0.4752688172043011,False
sensitivity_n,Kinetics400,30,3D-RISE,AOSA,65.0,0.000283263623714447,0.00764811784029007,0.1461285376166437,0.13620475757687475,0.7204301075268817,True
sensitivity_n,Kinetics400,30,3D-RISE,GradCAM,182.0,0.308520769700408,1.0,0.05315337110259051,0.006926217705499255,0.2172043010752688,False
sensitivity_n,Kinetics400,30,3D-Sampled-Occl-Sens,LV-LOCO,30.0,3.7904828786849976e-06,0.00012508593499660492,-0.32836611005997685,-0.36772851940624646,-0.8709677419354839,True
sensitivity_n,Kinetics400,30,3D-Sampled-Occl-Sens,LV-Univ-Pred,140.0,0.05768792890012264,0.6345672179013491,0.0779766034217107,0.06306487096310195,0.3978494623655914,False
sensitivity_n,Kinetics400,30,3D-Sampled-Occl-Sens,SaliencyTubes,123.0,0.023410143330693245,0.3335976302623749,-0.14390550189358006,-0.23646696129130435,-0.47096774193548385,False
sensitivity_n,Kinetics400,30,3D-Sampled-Occl-Sens,AOSA,131.0,0.036434996873140335,0.437219962477684,-0.1096464819823527,-0.2209678100382142,-0.43655913978494626,False
sensitivity_n,Kinetics400,30,3D-Sampled-Occl-Sens,GradCAM,87.0,0.0020201820880174637,0.04242382384836674,-0.20262164849640588,-0.30265365819969003,-0.6258064516129033,True
sensitivity_n,Kinetics400,30,LV-LOCO,LV-Univ-Pred,3.0,9.313225746154785e-09,3.3527612686157227e-07,0.40634271348168743,0.39562237662735844,0.9870967741935484,True
sensitivity_n,Kinetics400,30,LV-LOCO,SaliencyTubes,73.0,0.0006084088236093521,0.015210220590233803,0.18446060816639673,0.185311168475572,0.6860215053763441,True
sensitivity_n,Kinetics400,30,LV-LOCO,AOSA,81.0,0.0012321043759584427,0.028338400647044182,0.2187196280776241,0.23414096983393307,0.6516129032258065,True
sensitivity_n,Kinetics400,30,LV-LOCO,GradCAM,121.0,0.02084985189139843,0.3335976302623749,0.12574446156357094,0.13499972386852657,0.47956989247311826,False
sensitivity_n,Kinetics400,30,LV-Univ-Pred,SaliencyTubes,61.0,0.00018860027194023132,0.005280807614326477,-0.2218821053152908,-0.2192215379719143,-0.7376344086021506,True
sensitivity_n,Kinetics400,30,LV-Univ-Pred,AOSA,74.0,0.0006665531545877457,0.015997275710105896,-0.18762308540406336,-0.201639513822682,-0.6817204301075269,True
sensitivity_n,Kinetics400,30,LV-Univ-Pred,GradCAM,27.0,2.348795533180237e-06,7.985904812812805e-05,-0.28059825191811666,-0.3015865760407839,-0.8838709677419355,True
sensitivity_n,Kinetics400,30,SaliencyTubes,AOSA,181.0,0.2988441474735737,1.0,0.034259019911227394,0.06147300076598551,0.221505376344086,False
sensitivity_n,Kinetics400,30,SaliencyTubes,GradCAM,71.0,0.0005054883658885956,0.013142697513103485,-0.05871614660282578,-0.047935640856182626,-0.6946236559139785,True
sensitivity_n,Kinetics400,30,AOSA,GradCAM,113.0,0.01283373311161995,0.24384092912077904,-0.09297516651405319,-0.084475534232929,-0.513978494623656,False
